key,date,team,position,prop_bets,player,player_id,game_count,line,over,under,bovada_line,bovada_over,bovada_under,stat,stat_quantile_thresh,bet_pred,unit,pred,target,odds_id,stat_bin,under_veg_prob,units_bet,timestamp
202007,2020-10-22,new-york-giants,QB,pass_yards,Daniel Jones,39395,15,229.5,100,-130,229.5,100,-130,0.0537866663049769,-0.132807216148041,"",1,241.844039916992,pass_yards,5,10,0.565217391304348,0,2020-10-22 10:48:06
202007,2020-10-22,new-york-giants,QB,rush_yards,Daniel Jones,39395,15,29.5,-114,-114,29.5,-114,-114,-0.110712342343088,-0.200614407320867,"",1,26.2339859008789,rush_yards,5,2,0.532710280373832,0,2020-10-22 10:48:06
202007,2020-10-22,new-york-giants,RB,rec_yards,Devonta Freeman,8738,15,18.5,-114,-114,18.5,-114,-114,0.299228462013038,-0.0929055761118394,"",1,24.0357265472412,rec_yards,5,9,0.532710280373832,0,2020-10-22 10:48:06
202007,2020-10-22,new-york-giants,RB,receptions,Devonta Freeman,8738,15,2.5,-130,100,2.5,-130,100,0.184381580352783,-0.0720654540591776,"",1,2.96095395088196,receptions,6,8,0.5,0,2020-10-22 10:48:06
202007,2020-10-22,new-york-giants,RB,rush_yards,Devonta Freeman,8738,15,54.5,-130,100,54.5,-130,100,-0.0532370751057196,-0.134182323227581,"",1,51.5985794067383,rush_yards,6,6,0.5,0,2020-10-22 10:48:06
202007,2020-10-22,new-york-giants,RB,rec_yards,Dion Lewis,6301,15,9.5,-114,-114,9.5,-114,-114,0.495185450503701,-0.0929055761118394,"",1,14.2042617797852,rec_yards,5,10,0.532710280373832,0,2020-10-22 10:48:06
202007,2020-10-22,new-york-giants,REC,rec_yards,Darius Slayton,25578,15,51.5,-114,-114,51.5,-114,-114,0.331596300439927,-0.151582705871455,"",1,68.5772094726563,rec_yards,5,10,0.532710280373832,0,2020-10-22 10:48:06
202007,2020-10-22,new-york-giants,REC,receptions,Darius Slayton,25578,15,4,-114,-114,4,-114,-114,0.12350606918335,-0.118372320045124,"",1,4.4940242767334,receptions,5,9,0.532710280373832,0,2020-10-22 10:48:06
202007,2020-10-22,new-york-giants,REC,rec_yards,Evan Engram,11778,15,38.5,-114,-114,38.5,-114,-114,0.00411779230291193,-0.151582705871455,"",1,38.6585350036621,rec_yards,5,6,0.532710280373832,0,2020-10-22 10:48:06
202007,2020-10-22,new-york-giants,REC,receptions,Evan Engram,11778,15,3.5,-149,114,3.5,-149,114,0.0929130145481655,-0.0802228376600476,"",1,3.82519555091858,receptions,6,7,0.467289719626168,0,2020-10-22 10:48:06
202007,2020-10-22,new-york-giants,REC,rec_yards,Golden Tate,5585,15,37.5,-114,-114,37.5,-114,-114,0.268886922200521,-0.151582705871455,"",1,47.5832595825195,rec_yards,5,9,0.532710280373832,0,2020-10-22 10:48:06
202007,2020-10-22,new-york-giants,REC,receptions,Golden Tate,5585,15,3.5,100,-130,3.5,100,-130,0.0701385906764439,-0.118372320045124,"",1,3.74548506736755,receptions,5,8,0.565217391304348,0,2020-10-22 10:48:06
202007,2020-10-22,new-york-giants,REC,rec_yards,Kaden Smith,40973,13,10.5,-114,-114,10.5,-114,-114,1.45918546404157,-0.151582705871455,"",1,25.8214473724365,rec_yards,5,10,0.532710280373832,0,2020-10-22 10:48:06
202007,2020-10-22,philadelphia-eagles,QB,pass_yards,Carson Wentz,10636,15,249.5,-114,-114,249.5,-114,-114,-0.0165307421483592,-0.132807216148041,"",1,245.375579833984,pass_yards,5,7,0.532710280373832,0,2020-10-22 10:48:06
202007,2020-10-22,philadelphia-eagles,QB,rush_yards,Carson Wentz,10636,15,20.5,-114,-114,20.5,-114,-114,0.267514205560452,-0.200614407320867,"",1,25.9840412139893,rush_yards,5,6,0.532710280373832,0,2020-10-22 10:48:06
202007,2020-10-22,philadelphia-eagles,RB,rec_yards,Boston Scott,39462,15,23.5,-130,100,23.5,-130,100,0.069596473206865,-0.162149173075666,"",1,25.1355171203613,rec_yards,6,7,0.5,0,2020-10-22 10:48:06
202007,2020-10-22,philadelphia-eagles,RB,receptions,Boston Scott,39462,15,2.5,-143,110,2.5,-143,110,0.339473152160645,-0.0720654540591776,"",1,3.34868288040161,receptions,6,9,0.476190476190476,0,2020-10-22 10:48:06
202007,2020-10-22,philadelphia-eagles,RB,rush_yards,Boston Scott,39462,15,52.5,-114,-114,52.5,-114,-114,-0.697948183332171,-0.0837903853214154,U,0.5,15.857720375061,rush_yards,5,1,0.532710280373832,0.5,2020-10-22 10:48:06
202007,2020-10-22,philadelphia-eagles,REC,rec_yards,DeSean Jackson,4363,15,38.5,-114,-114,38.5,-114,-114,0.553712225579596,-0.151582705871455,"",1,59.8179206848145,rec_yards,5,10,0.532710280373832,0,2020-10-22 10:48:06
202007,2020-10-22,philadelphia-eagles,REC,receptions,DeSean Jackson,4363,15,3,100,-130,3,100,-130,0.263013521830241,-0.118372320045124,"",1,3.78904056549072,receptions,5,10,0.565217391304348,0,2020-10-22 10:48:06
202007,2020-10-22,philadelphia-eagles,REC,rec_yards,Greg Ward,12258,12,35.5,-114,-114,35.5,-114,-114,0.148638335751816,-0.151582705871455,"",1,40.7766609191895,rec_yards,5,8,0.532710280373832,0,2020-10-22 10:48:06
202007,2020-10-22,philadelphia-eagles,REC,receptions,Greg Ward,12258,12,3.5,100,-130,3.5,100,-130,0.139126982007708,-0.118372320045124,"",1,3.98694443702698,receptions,5,9,0.565217391304348,0,2020-10-22 10:48:06
202007,2020-10-22,philadelphia-eagles,REC,rec_yards,Richard Rodgers,8733,15,31.5,-114,-114,31.5,-114,-114,-0.178897857666016,-0.151582705871455,U,1,25.8647174835205,rec_yards,5,2,0.532710280373832,1,2020-10-22 10:48:06
202007,2020-10-22,philadelphia-eagles,REC,receptions,Richard Rodgers,8733,15,3,-114,-114,3,-114,-114,-0.233282248179118,-0.118372320045124,U,1.5,2.30015325546265,receptions,5,2,0.532710280373832,1.5,2020-10-22 10:48:06
202007,2020-10-22,philadelphia-eagles,REC,rec_yards,Travis Fulgham,48023,8,59.5,-143,110,59.5,-143,110,0.0503132924312303,-0.164794721190197,"",1,62.4936408996582,rec_yards,6,7,0.476190476190476,0,2020-10-22 10:48:06
202007,2020-10-22,philadelphia-eagles,REC,receptions,Travis Fulgham,48023,8,4.5,-149,114,4.5,-149,114,-0.0577002631293403,-0.0802228376600476,"",1,4.24034881591797,receptions,6,4,0.467289719626168,0,2020-10-22 10:48:06
202007,2020-10-25,arizona-cardinals,QB,pass_yards,Kyler Murray,38334,15,269.5,-114,-114,269.5,-114,-114,-0.157468381750783,-0.132807216148041,U,1,227.062271118164,pass_yards,5,1,0.532710280373832,1,2020-10-24 22:59:36
202007,2020-10-25,arizona-cardinals,QB,rush_yards,Kyler Murray,38334,15,45.5,-114,-114,45.5,-114,-114,-0.155455536894746,-0.200614407320867,"",1,38.4267730712891,rush_yards,5,2,0.532710280373832,0,2020-10-24 22:59:36
202007,2020-10-25,arizona-cardinals,RB,rec_yards,Chase Edmonds,45851,15,18.5,-114,-114,18.5,-114,-114,0.5605492462983,-0.0929055761118394,"",1,28.8701610565186,rec_yards,5,10,0.532710280373832,0,2020-10-25 14:06:07
202007,2020-10-25,arizona-cardinals,RB,receptions,Chase Edmonds,45851,15,2.5,-114,-114,2.5,-114,-114,0.34843053817749,-0.105587141854423,"",1,3.37107634544373,receptions,5,10,0.532710280373832,0,2020-10-25 14:06:07
202007,2020-10-25,arizona-cardinals,RB,rush_yards,Chase Edmonds,45851,15,18.5,-114,-114,18.5,-114,-114,0.126656609612542,-0.0837903853214154,"",1,20.843147277832,rush_yards,5,8,0.532710280373832,0,2020-10-24 22:59:36
202007,2020-10-25,arizona-cardinals,RB,rec_yards,Kenyan Drake,10707,15,10.5,-114,-114,10.5,-114,-114,0.897825876871745,-0.0929055761118394,"",1,19.9271717071533,rec_yards,5,10,0.532710280373832,0,2020-10-25 14:06:07
202007,2020-10-25,arizona-cardinals,RB,receptions,Kenyan Drake,10707,15,1.5,-149,114,1.5,-149,114,0.575381437937419,-0.0720654540591776,"",1,2.36307215690613,receptions,6,10,0.467289719626168,0,2020-10-25 14:06:07
202007,2020-10-25,arizona-cardinals,RB,rush_yards,Kenyan Drake,10707,15,60.5,-114,-114,60.5,-114,-114,0.116291897356018,-0.0837903853214154,"",1,67.5356597900391,rush_yards,5,8,0.532710280373832,0,2020-10-24 22:59:36
202007,2020-10-25,arizona-cardinals,REC,rec_yards,Dan Arnold,51842,15,13.5,-114,-114,13.5,-114,-114,1.45749551278574,-0.151582705871455,"",1,33.1761894226074,rec_yards,5,10,0.532710280373832,0,2020-10-25 14:06:07
202007,2020-10-25,arizona-cardinals,REC,rec_yards,Darrell Daniels,12122,15,11.5,-114,-114,11.5,-114,-114,1.10836791992188,-0.151582705871455,"",1,24.2462310791016,rec_yards,5,10,0.532710280373832,0,2020-10-25 14:06:07
202007,2020-10-25,atlanta-falcons,QB,pass_yards,Matt Ryan,4317,15,310.5,-114,-114,310.5,-114,-114,-0.0978470217202597,-0.132807216148041,"",1,280.118499755859,pass_yards,5,2,0.532710280373832,0,2020-10-24 00:34:26
202007,2020-10-25,atlanta-falcons,QB,rush_yards,Matt Ryan,4317,15,6.5,-114,-114,6.5,-114,-114,0.0491468723003681,-0.200614407320867,"",1,6.81945466995239,rush_yards,5,4,0.532710280373832,0,2020-10-24 00:34:26
202007,2020-10-25,atlanta-falcons,RB,rec_yards,Todd Gurley,9443,15,11.5,-114,-114,11.5,-114,-114,0.640550530475119,-0.0929055761118394,"",1,18.8663311004639,rec_yards,5,10,0.532710280373832,0,2020-10-24 22:59:36
202007,2020-10-25,atlanta-falcons,RB,rush_yards,Todd Gurley,9443,15,63.5,-114,-114,63.5,-114,-114,0.119818019116019,-0.0837903853214154,"",1,71.1084442138672,rush_yards,5,8,0.532710280373832,0,2020-10-24 00:34:26
202007,2020-10-25,atlanta-falcons,REC,rec_yards,Calvin Ridley,48262,15,77.5,-114,-114,77.5,-114,-114,0.104009517546623,-0.151582705871455,"",1,85.5607376098633,rec_yards,5,8,0.532710280373832,0,2020-10-24 22:59:36
202007,2020-10-25,atlanta-falcons,REC,receptions,Calvin Ridley,48262,15,5.5,-149,114,5.5,-149,114,0.0934078910134055,-0.0802228376600476,"",1,6.01374340057373,receptions,6,7,0.467289719626168,0,2020-10-24 22:59:36
202007,2020-10-25,atlanta-falcons,REC,rec_yards,Hayden Hurst,47294,15,34.5,-114,-114,34.5,-114,-114,0.133424399555593,-0.151582705871455,"",1,39.103141784668,rec_yards,5,8,0.532710280373832,0,2020-10-24 22:59:36
202007,2020-10-25,atlanta-falcons,REC,receptions,Hayden Hurst,47294,15,3.5,110,-143,3.5,110,-143,-0.0246237346104213,-0.116064412253243,"",1,3.41381692886353,receptions,4,6,0.588477366255144,0,2020-10-24 22:59:36
202007,2020-10-25,atlanta-falcons,REC,rec_yards,Julio Jones,6158,15,80.5,-114,-114,80.5,-114,-114,0.0356016929105202,-0.151582705871455,"",1,83.3659362792969,rec_yards,5,6,0.532710280373832,0,2020-10-24 22:59:36
202007,2020-10-25,atlanta-falcons,REC,receptions,Julio Jones,6158,15,5.5,-143,110,5.5,-143,110,0.112455281344327,-0.0802228376600476,"",1,6.1185040473938,receptions,6,8,0.476190476190476,0,2020-10-24 22:59:36
202007,2020-10-25,buffalo-bills,QB,pass_yards,Josh Allen,46601,15,279.5,-114,-114,279.5,-114,-114,-0.163805038643225,-0.132807216148041,U,1,233.716491699219,pass_yards,5,1,0.532710280373832,1,2020-10-24 00:34:26
202007,2020-10-25,buffalo-bills,QB,rush_yards,Josh Allen,46601,15,28.5,-114,-114,28.5,-114,-114,0.498171889991091,-0.200614407320867,"",1,42.6978988647461,rush_yards,5,8,0.532710280373832,0,2020-10-24 00:34:26
202007,2020-10-25,buffalo-bills,RB,rec_yards,Devin Singletary,40485,15,20.5,-114,-114,20.5,-114,-114,0.0115251308534204,-0.0929055761118394,"",1,20.7362651824951,rec_yards,5,5,0.532710280373832,0,2020-10-24 00:34:26
202007,2020-10-25,buffalo-bills,RB,receptions,Devin Singletary,40485,15,2.5,-167,127,2.5,-167,127,0.0657745361328125,-0.0720654540591776,"",1,2.66443634033203,receptions,6,6,0.440528634361233,0,2020-10-24 00:34:26
202007,2020-10-25,buffalo-bills,RB,receptions,Devin Singletary,40485,15,2.5,-149,114,2.5,-149,114,0.0657745361328125,-0.0720654540591776,"",1,2.66443634033203,receptions,6,6,0.467289719626168,0,2020-10-24 22:59:36
202007,2020-10-25,buffalo-bills,RB,rush_yards,Devin Singletary,40485,15,57.5,-114,-114,57.5,-114,-114,0.0100608493970788,-0.0837903853214154,"",1,58.078498840332,rush_yards,5,6,0.532710280373832,0,2020-10-24 00:34:26
202007,2020-10-25,buffalo-bills,REC,rec_yards,Cole Beasley,7330,15,55.5,-114,-114,55.5,-114,-114,-0.114277195286106,-0.151582705871455,"",1,49.1576156616211,rec_yards,5,3,0.532710280373832,0,2020-10-24 00:34:26
202007,2020-10-25,buffalo-bills,REC,receptions,Cole Beasley,7330,15,4.5,-125,-103,4.5,-125,-103,-0.0856951607598199,-0.118372320045124,"",1,4.11437177658081,receptions,5,4,0.507389162561576,0,2020-10-24 00:34:26
202007,2020-10-25,buffalo-bills,REC,rec_yards,Gabriel Davis,55410,6,46.5,-114,-114,46.5,-114,-114,-0.217038718602991,-0.151582705871455,U,1,36.4076995849609,rec_yards,5,2,0.532710280373832,1,2020-10-24 00:34:26
202007,2020-10-25,buffalo-bills,REC,receptions,Gabriel Davis,55410,6,3.5,-130,100,3.5,-130,100,-0.161428792136056,-0.0802228376600476,U,1.5,2.9349992275238,receptions,6,2,0.5,1.5,2020-10-24 00:34:26
202007,2020-10-25,buffalo-bills,REC,rec_yards,Stefon Diggs,9579,15,79.5,-125,-103,79.5,-125,-103,0.0550495843467473,-0.151582705871455,"",1,83.8764419555664,rec_yards,5,7,0.507389162561576,0,2020-10-24 22:59:36
202007,2020-10-25,buffalo-bills,REC,rec_yards,Stefon Diggs,9579,15,79.5,-114,-114,79.5,-114,-114,0.0550495843467473,-0.151582705871455,"",1,83.8764419555664,rec_yards,5,7,0.532710280373832,0,2020-10-24 00:34:26
202007,2020-10-25,buffalo-bills,REC,receptions,Stefon Diggs,9579,15,6,-143,110,6,-135,104,-0.0703019301096598,-0.0802228376600476,"",1,5.57818841934204,receptions,6,4,0.476190476190476,0,2020-10-25 08:15:00
202007,2020-10-25,buffalo-bills,REC,receptions,Stefon Diggs,9579,15,6,-135,104,6,-135,104,-0.0703019301096598,-0.0802228376600476,"",1,5.57818841934204,receptions,6,4,0.490196078431373,0,2020-10-24 22:59:36
202007,2020-10-25,buffalo-bills,REC,receptions,Stefon Diggs,9579,15,6,-125,-103,6,-125,-103,-0.0703019301096598,-0.118372320045124,"",1,5.57818841934204,receptions,5,5,0.507389162561576,0,2020-10-24 00:34:26
202007,2020-10-25,carolina-panthers,QB,pass_yards,Teddy Bridgewater,8667,15,270.5,-114,-114,270.5,-114,-114,-0.107942591753552,-0.132807216148041,"",1,241.301528930664,pass_yards,5,2,0.532710280373832,0,2020-10-24 22:59:36
202007,2020-10-25,carolina-panthers,QB,rush_yards,Teddy Bridgewater,8667,15,13.5,-114,-114,13.5,-114,-114,0.0981997737178096,-0.200614407320867,"",1,14.8256969451904,rush_yards,5,5,0.532710280373832,0,2020-10-24 00:34:26
202007,2020-10-25,carolina-panthers,RB,rec_yards,Mike Davis,9559,15,34.5,-114,-114,34.5,-114,-114,0.163568800774173,-0.0929055761118394,"",1,40.143123626709,rec_yards,5,8,0.532710280373832,0,2020-10-24 00:34:26
202007,2020-10-25,carolina-panthers,RB,receptions,Mike Davis,9559,15,4.5,-149,114,4.5,-149,114,0.0519339243570964,-0.0720654540591776,"",1,4.73370265960693,receptions,6,6,0.467289719626168,0,2020-10-24 00:34:26
202007,2020-10-25,carolina-panthers,RB,rush_yards,Mike Davis,9559,15,56.5,-114,-114,56.5,-114,-114,-0.104899786214913,-0.0837903853214154,U,1,50.5731620788574,rush_yards,5,3,0.532710280373832,1,2020-10-24 00:34:26
202007,2020-10-25,carolina-panthers,REC,rec_yards,DJ Moore,48267,15,68.5,-125,-103,68.5,-125,-103,0.129206191014199,-0.151582705871455,"",1,77.3506240844727,rec_yards,5,8,0.507389162561576,0,2020-10-24 22:59:36
202007,2020-10-25,carolina-panthers,REC,rec_yards,DJ Moore,48267,15,68.5,-114,-114,68.5,-114,-114,0.129206191014199,-0.151582705871455,"",1,77.3506240844727,rec_yards,5,8,0.532710280373832,0,2020-10-24 00:34:26
202007,2020-10-25,carolina-panthers,REC,receptions,DJ Moore,48267,15,5.5,110,-143,5.5,110,-143,-0.00230884552001953,-0.116064412253243,"",1,5.48730134963989,receptions,4,6,0.588477366255144,0,2020-10-24 00:34:26
202007,2020-10-25,carolina-panthers,REC,receptions,DJ Moore,48267,15,5.5,127,-167,5.5,127,-167,-0.00230884552001953,-0.116064412253243,"",1,5.48730134963989,receptions,4,6,0.625468164794008,0,2020-10-24 22:59:36
202007,2020-10-25,carolina-panthers,REC,rec_yards,Ian Thomas,42130,15,14.5,-114,-114,14.5,-114,-114,0.630538019640692,-0.151582705871455,"",1,23.64280128479,rec_yards,5,10,0.532710280373832,0,2020-10-24 00:34:26
202007,2020-10-25,carolina-panthers,REC,rec_yards,Robby Anderson,11254,15,71.5,-114,-114,71.5,-114,-114,0.0336472304550918,-0.151582705871455,"",1,73.9057769775391,rec_yards,5,6,0.532710280373832,0,2020-10-24 00:34:26
202007,2020-10-25,carolina-panthers,REC,receptions,Robby Anderson,11254,15,5.5,-130,100,5.5,-130,100,-0.0492500825361772,-0.0802228376600476,"",1,5.22912454605103,receptions,6,4,0.5,0,2020-10-24 00:34:26
202007,2020-10-25,carolina-panthers,REC,receptions,Robby Anderson,11254,15,5.5,-103,-125,5.5,-103,-125,-0.0492500825361772,-0.118372320045124,"",1,5.22912454605103,receptions,5,5,0.555555555555556,0,2020-10-24 22:59:36
202007,2020-10-25,cincinnati-bengals,QB,pass_yards,Joe Burrow,28022,15,285.5,-114,-114,285.5,-114,-114,-0.089274765522384,-0.132807216148041,"",1,260.012054443359,pass_yards,5,3,0.532710280373832,0,2020-10-24 00:34:26
202007,2020-10-25,cincinnati-bengals,QB,rush_yards,Joe Burrow,28022,15,12.5,-114,-114,12.5,-114,-114,0.538484649658203,-0.200614407320867,"",1,19.2310581207275,rush_yards,5,8,0.532710280373832,0,2020-10-24 00:34:26
202007,2020-10-25,cincinnati-bengals,RB,rec_yards,Giovani Bernard,7818,15,29.5,-114,-114,29.5,-114,-114,-0.256282741740599,-0.0929055761118394,U,2,21.9396591186523,rec_yards,5,1,0.532710280373832,2,2020-10-24 00:34:26
202007,2020-10-25,cincinnati-bengals,RB,receptions,Giovani Bernard,7818,15,4.5,120,-156,4.5,120,-156,-0.419171121385362,-0.0920878682817725,U,2,2.61372995376587,receptions,4,1,0.609375,2,2020-10-24 00:34:26
202007,2020-10-25,cincinnati-bengals,RB,rush_yards,Giovani Bernard,7818,15,49.5,-103,-125,50.5,-103,-125,-0.612794047654277,-0.0837903853214154,U,0.5,19.1666946411133,rush_yards,5,1,0.555555555555556,0.5,2020-10-25 08:15:00
202007,2020-10-25,cincinnati-bengals,RB,rush_yards,Giovani Bernard,7818,15,50.5,-103,-125,50.5,-103,-125,-0.620461492255183,-0.0837903853214154,U,0.5,19.1666946411133,rush_yards,5,1,0.555555555555556,0.5,2020-10-24 22:59:36
202007,2020-10-25,cincinnati-bengals,RB,rush_yards,Giovani Bernard,7818,15,52.5,-103,-125,52.5,-103,-125,-0.634920102074033,-0.0837903853214154,U,0.5,19.1666946411133,rush_yards,5,1,0.555555555555556,0.5,2020-10-24 00:34:26
202007,2020-10-25,cincinnati-bengals,REC,rec_yards,AJ Green,6156,15,51.5,-114,-114,51.5,-114,-114,0.15311498549378,-0.151582705871455,"",1,59.3854217529297,rec_yards,5,8,0.532710280373832,0,2020-10-24 00:34:26
202007,2020-10-25,cincinnati-bengals,REC,receptions,AJ Green,6156,15,4,-114,-114,4,-114,-114,0.0853281021118164,-0.118372320045124,"",1,4.34131240844727,receptions,5,8,0.532710280373832,0,2020-10-24 00:34:26
202007,2020-10-25,cincinnati-bengals,REC,rec_yards,Drew Sample,47259,15,20.5,-114,-114,20.5,-114,-114,0.130247255650962,-0.151582705871455,"",1,23.1700687408447,rec_yards,5,8,0.532710280373832,0,2020-10-24 22:59:36
202007,2020-10-25,cincinnati-bengals,REC,receptions,Drew Sample,47259,15,2.5,110,-143,2.5,110,-143,-0.106262874603271,-0.116064412253243,"",1,2.23434281349182,receptions,4,4,0.588477366255144,0,2020-10-24 22:59:36
202007,2020-10-25,cincinnati-bengals,REC,rec_yards,Tee Higgins,61211,5,58.5,-114,-114,58.5,-114,-114,0.0832248263888889,-0.151582705871455,"",1,63.36865234375,rec_yards,5,7,0.532710280373832,0,2020-10-24 00:34:26
202007,2020-10-25,cincinnati-bengals,REC,rec_yards,Tee Higgins,61211,5,63.5,-143,110,63.5,-143,110,-0.00206846702755906,-0.164794721190197,"",1,63.36865234375,rec_yards,6,7,0.476190476190476,0,2020-10-24 22:59:36
202007,2020-10-25,cincinnati-bengals,REC,receptions,Tee Higgins,61211,5,4.5,-125,-103,4.5,-125,-103,0.0156855053371853,-0.118372320045124,"",1,4.57058477401733,receptions,5,7,0.507389162561576,0,2020-10-24 00:34:26
202007,2020-10-25,cincinnati-bengals,REC,rec_yards,Tyler Boyd,10689,15,64.5,-114,-114,64.5,-114,-114,-0.0741470100343689,-0.151582705871455,"",1,59.7175178527832,rec_yards,5,4,0.532710280373832,0,2020-10-24 00:34:26
202007,2020-10-25,cincinnati-bengals,REC,receptions,Tyler Boyd,10689,15,5.5,120,-156,5.5,120,-156,-0.119640523737127,-0.116064412253243,U,1,4.8419771194458,receptions,4,3,0.609375,1,2020-10-24 00:34:26
202007,2020-10-25,cleveland-browns,QB,pass_yards,Baker Mayfield,46518,15,239.5,-114,-114,239.5,-114,-114,-0.0746495001997978,-0.132807216148041,"",1,221.621444702148,pass_yards,5,3,0.532710280373832,0,2020-10-24 00:34:26
202007,2020-10-25,cleveland-browns,RB,rec_yards,Kareem Hunt,11841,15,19.5,-114,-114,19.5,-114,-114,0.614681830772987,-0.0929055761118394,"",1,31.4862957000732,rec_yards,5,10,0.532710280373832,0,2020-10-24 22:59:36
202007,2020-10-25,cleveland-browns,RB,receptions,Kareem Hunt,11841,15,3,-114,-114,3,-114,-114,0.19440491994222,-0.105587141854423,"",1,3.58321475982666,receptions,5,9,0.532710280373832,0,2020-10-24 22:59:36
202007,2020-10-25,cleveland-browns,RB,rush_yards,Kareem Hunt,11841,15,85.5,-114,-114,85.5,-114,-114,-0.296165377075909,-0.0837903853214154,U,0.5,60.1778602600098,rush_yards,5,1,0.532710280373832,0.5,2020-10-24 22:59:36
202007,2020-10-25,cleveland-browns,REC,rec_yards,Jarvis Landry,8698,15,51.5,-114,-114,51.5,-114,-114,0.0467457447237181,-0.151582705871455,"",1,53.9074058532715,rec_yards,5,7,0.532710280373832,0,2020-10-24 22:59:36
202007,2020-10-25,cleveland-browns,REC,receptions,Jarvis Landry,8698,15,4.5,114,-149,4.5,114,-149,-0.0238963233100043,-0.116064412253243,"",1,4.39246654510498,receptions,4,6,0.598393574297189,0,2020-10-24 22:59:36
202007,2020-10-25,cleveland-browns,REC,rec_yards,Odell Beckham,8647,15,60.5,-114,-114,60.5,-114,-114,0.067898332580062,-0.151582705871455,"",1,64.6078491210938,rec_yards,5,7,0.532710280373832,0,2020-10-24 22:59:36
202007,2020-10-25,cleveland-browns,REC,receptions,Odell Beckham,8647,15,4.5,100,-130,4.5,100,-130,-0.0611306296454536,-0.118372320045124,"",1,4.22491216659546,receptions,5,5,0.565217391304348,0,2020-10-24 22:59:36
202007,2020-10-25,dallas-cowboys,QB,pass_yards,Andy Dalton,6187,15,262.5,-103,-125,266.5,-108,-120,-0.128973156156994,-0.132807216148041,"",1,228.644546508789,pass_yards,5,2,0.555555555555556,0,2020-10-25 08:15:00
202007,2020-10-25,dallas-cowboys,QB,pass_yards,Andy Dalton,6187,15,266.5,-114,-114,266.5,-114,-114,-0.142046729798165,-0.132807216148041,U,1,228.644546508789,pass_yards,5,1,0.532710280373832,1,2020-10-24 00:34:26
202007,2020-10-25,dallas-cowboys,QB,pass_yards,Andy Dalton,6187,15,266.5,-108,-120,266.5,-108,-120,-0.142046729798165,-0.132807216148041,U,1,228.644546508789,pass_yards,5,1,0.545454545454545,1,2020-10-24 22:59:36
202007,2020-10-25,dallas-cowboys,RB,rec_yards,Ezekiel Elliott,10638,15,28.5,-114,-114,28.5,-114,-114,0.240361933122601,-0.0929055761118394,"",1,35.3503150939941,rec_yards,5,8,0.532710280373832,0,2020-10-24 00:34:26
202007,2020-10-25,dallas-cowboys,RB,receptions,Ezekiel Elliott,10638,15,4.5,114,-149,4.5,114,-149,-0.0888204574584961,-0.0920878682817725,"",1,4.10030794143677,receptions,4,4,0.598393574297189,0,2020-10-24 22:59:36
202007,2020-10-25,dallas-cowboys,RB,rush_yards,Ezekiel Elliott,10638,15,82.5,-114,-114,82.5,-114,-114,0.00392345081676136,-0.0837903853214154,"",1,82.8236846923828,rush_yards,5,6,0.532710280373832,0,2020-10-24 00:34:26
202007,2020-10-25,dallas-cowboys,REC,rec_yards,Amari Cooper,9437,15,67.5,-114,-114,67.5,-114,-114,0.211061830873843,-0.151582705871455,"",1,81.7466735839844,rec_yards,5,9,0.532710280373832,0,2020-10-24 00:34:26
202007,2020-10-25,dallas-cowboys,REC,receptions,Amari Cooper,9437,15,5.5,110,-143,5.5,110,-143,0.0983444560657848,-0.116064412253243,"",1,6.04089450836182,receptions,4,8,0.588477366255144,0,2020-10-24 22:59:36
202007,2020-10-25,dallas-cowboys,REC,rec_yards,Dalton Schultz,47304,15,29.5,-125,-103,29.5,-125,-103,0.235639798439155,-0.151582705871455,"",1,36.4513740539551,rec_yards,5,9,0.507389162561576,0,2020-10-24 22:59:36
202007,2020-10-25,dallas-cowboys,REC,rec_yards,Dalton Schultz,47304,15,29.5,-114,-114,29.5,-114,-114,0.235639798439155,-0.151582705871455,"",1,36.4513740539551,rec_yards,5,9,0.532710280373832,0,2020-10-24 00:34:26
202007,2020-10-25,dallas-cowboys,REC,receptions,Dalton Schultz,47304,15,3,-114,-114,3,-114,-114,0.135603984196981,-0.118372320045124,"",1,3.40681195259094,receptions,5,9,0.532710280373832,0,2020-10-24 22:59:36
202007,2020-10-25,dallas-cowboys,REC,rec_yards,Michael Gallup,26075,15,40.5,-114,-114,40.5,-114,-114,0.800384709864487,-0.151582705871455,"",1,72.9155807495117,rec_yards,5,10,0.532710280373832,0,2020-10-24 00:34:26
202007,2020-10-25,dallas-cowboys,REC,rec_yards,Michael Gallup,26075,15,42.5,-130,100,42.5,-114,-114,0.715660723517923,-0.164794721190197,"",1,72.9155807495117,rec_yards,6,10,0.5,0,2020-10-25 08:15:00
202007,2020-10-25,dallas-cowboys,REC,rec_yards,Michael Gallup,26075,15,42.5,-114,-114,42.5,-114,-114,0.715660723517923,-0.151582705871455,"",1,72.9155807495117,rec_yards,5,10,0.532710280373832,0,2020-10-24 22:59:36
202007,2020-10-25,dallas-cowboys,REC,receptions,Michael Gallup,26075,15,3,-114,-114,3,-114,-114,0.40106201171875,-0.118372320045124,"",1,4.20318603515625,receptions,5,10,0.532710280373832,0,2020-10-24 22:59:36
202007,2020-10-25,denver-broncos,QB,pass_yards,Drew Lock,39517,15,210.5,106,-137,210.5,106,-137,-0.0270062444328979,-0.132807216148041,"",1,204.815185546875,pass_yards,5,6,0.578059071729958,0,2020-10-25 14:06:07
202007,2020-10-25,denver-broncos,QB,pass_yards,Drew Lock,39517,15,212.5,106,-137,212.5,110,-143,-0.0361638327205882,-0.132807216148041,"",1,204.815185546875,pass_yards,5,6,0.578059071729958,0,2020-10-25 08:15:00
202007,2020-10-25,denver-broncos,QB,pass_yards,Drew Lock,39517,15,212.5,110,-143,212.5,110,-143,-0.0361638327205882,-0.0600755183590191,"",1,204.815185546875,pass_yards,4,3,0.588477366255144,0,2020-10-24 22:59:36
202007,2020-10-25,denver-broncos,QB,pass_yards,Drew Lock,39517,15,218.5,-114,-114,218.5,-114,-114,-0.0626307297625858,-0.132807216148041,"",1,204.815185546875,pass_yards,5,4,0.532710280373832,0,2020-10-24 00:34:26
202007,2020-10-25,denver-broncos,QB,rush_yards,Drew Lock,39517,15,9.5,-114,-114,9.5,-114,-114,0.200653578105726,-0.200614407320867,"",1,11.4062089920044,rush_yards,5,6,0.532710280373832,0,2020-10-24 00:34:26
202007,2020-10-25,denver-broncos,RB,rec_yards,Melvin Gordon,9448,15,12.5,-114,-114,12.5,-114,-114,0.757294158935547,-0.0929055761118394,"",1,21.9661769866943,rec_yards,5,10,0.532710280373832,0,2020-10-24 22:59:36
202007,2020-10-25,denver-broncos,RB,receptions,Melvin Gordon,9448,15,2,-114,-114,2,-114,-114,0.470465779304504,-0.105587141854423,"",1,2.94093155860901,receptions,5,10,0.532710280373832,0,2020-10-24 22:59:36
202007,2020-10-25,denver-broncos,RB,rush_yards,Melvin Gordon,9448,15,48.5,-114,-114,48.5,-114,-114,0.30614518627678,-0.0837903853214154,"",1,63.3480415344238,rush_yards,5,10,0.532710280373832,0,2020-10-24 22:59:36
202007,2020-10-25,denver-broncos,RB,rec_yards,Phillip Lindsay,12660,15,13.5,100,-130,13.5,100,-130,0.101556777954102,-0.0929055761118394,"",1,14.8710165023804,rec_yards,5,7,0.565217391304348,0,2020-10-24 22:59:36
202007,2020-10-25,denver-broncos,RB,rec_yards,Phillip Lindsay,12660,15,13.5,110,-143,13.5,100,-130,0.101556777954102,-0.125313294652534,"",1,14.8710165023804,rec_yards,4,5,0.588477366255144,0,2020-10-25 08:15:00
202007,2020-10-25,denver-broncos,RB,rec_yards,Phillip Lindsay,12660,15,13.5,120,-156,13.5,120,-156,0.101556777954102,-0.125313294652534,"",1,14.8710165023804,rec_yards,4,5,0.609375,0,2020-10-25 14:06:07
202007,2020-10-25,denver-broncos,RB,rec_yards,Phillip Lindsay,12660,15,14.5,-114,-114,14.5,-114,-114,0.0255873449917497,-0.0929055761118394,"",1,14.8710165023804,rec_yards,5,6,0.532710280373832,0,2020-10-24 00:34:26
202007,2020-10-25,denver-broncos,RB,receptions,Phillip Lindsay,12660,15,2,-114,-114,2,-114,-114,-0.0591384768486023,-0.105587141854423,"",1,1.8817230463028,receptions,5,5,0.532710280373832,0,2020-10-24 22:59:36
202007,2020-10-25,denver-broncos,RB,receptions,Phillip Lindsay,12660,15,2,100,-130,2,-114,-114,-0.0591384768486023,-0.105587141854423,"",1,1.8817230463028,receptions,5,5,0.565217391304348,0,2020-10-25 08:15:00
202007,2020-10-25,denver-broncos,RB,receptions,Phillip Lindsay,12660,15,2,114,-149,2,114,-149,-0.0591384768486023,-0.0920878682817725,"",1,1.8817230463028,receptions,4,4,0.598393574297189,0,2020-10-25 14:06:07
202007,2020-10-25,denver-broncos,RB,rush_yards,Phillip Lindsay,12660,15,34.5,-114,-114,34.5,-114,-114,0.583007370216259,-0.0837903853214154,"",1,54.6137542724609,rush_yards,5,10,0.532710280373832,0,2020-10-24 00:34:26
202007,2020-10-25,denver-broncos,RB,rush_yards,Phillip Lindsay,12660,15,38.5,-143,110,38.5,-143,110,0.418539072011972,-0.134182323227581,"",1,54.6137542724609,rush_yards,6,10,0.476190476190476,0,2020-10-24 22:59:36
202007,2020-10-25,denver-broncos,RB,rush_yards,Phillip Lindsay,12660,15,40.5,-143,110,38.5,-143,110,0.34848775981385,-0.134182323227581,"",1,54.6137542724609,rush_yards,6,10,0.476190476190476,0,2020-10-25 08:15:00
202007,2020-10-25,denver-broncos,RB,rush_yards,Phillip Lindsay,12660,15,44.5,-114,-114,44.5,-114,-114,0.227275376909235,-0.0837903853214154,"",1,54.6137542724609,rush_yards,5,9,0.532710280373832,0,2020-10-25 14:06:07
202007,2020-10-25,denver-broncos,REC,rec_yards,Jerry Jeudy,61103,5,45.5,-114,-114,45.5,-114,-114,0.105713561341003,-0.151582705871455,"",1,50.3099670410156,rec_yards,5,8,0.532710280373832,0,2020-10-24 00:34:26
202007,2020-10-25,denver-broncos,REC,receptions,Jerry Jeudy,61103,5,3.5,-143,110,3.5,-143,110,-0.00548083441598075,-0.0802228376600476,"",1,3.48081707954407,receptions,6,5,0.476190476190476,0,2020-10-24 00:34:26
202007,2020-10-25,denver-broncos,REC,rec_yards,Noah Fant,42388,15,36.5,-114,-114,36.5,-114,-114,0.262338612177601,-0.151582705871455,"",1,46.0753593444824,rec_yards,5,9,0.532710280373832,0,2020-10-24 22:59:36
202007,2020-10-25,denver-broncos,REC,rec_yards,Noah Fant,42388,15,37.5,-114,-114,37.5,-114,-114,0.228676249186198,-0.151582705871455,"",1,46.0753593444824,rec_yards,5,9,0.532710280373832,0,2020-10-25 14:06:07
202007,2020-10-25,denver-broncos,REC,receptions,Noah Fant,42388,15,3.5,-135,104,3.5,-135,104,0.21162714276995,-0.0802228376600476,"",1,4.24069499969482,receptions,6,9,0.490196078431373,0,2020-10-25 14:06:07
202007,2020-10-25,denver-broncos,REC,receptions,Noah Fant,42388,15,3.5,-125,-103,3.5,-125,-103,0.21162714276995,-0.118372320045124,"",1,4.24069499969482,receptions,5,10,0.507389162561576,0,2020-10-24 22:59:36
202007,2020-10-25,denver-broncos,REC,rec_yards,Tim Patrick,12087,15,45.5,-114,-114,45.5,-114,-114,0.204112126277043,-0.151582705871455,"",1,54.7871017456055,rec_yards,5,9,0.532710280373832,0,2020-10-24 00:34:26
202007,2020-10-25,denver-broncos,REC,receptions,Tim Patrick,12087,15,3.5,-114,-114,3.5,-114,-114,0.106647968292236,-0.118372320045124,"",1,3.87326788902283,receptions,5,8,0.532710280373832,0,2020-10-24 22:59:36
202007,2020-10-25,detroit-lions,QB,pass_yards,Matthew Stafford,4924,15,284.5,-125,-103,284.5,-125,-103,-0.0159643940850176,-0.132807216148041,"",1,279.958129882813,pass_yards,5,7,0.507389162561576,0,2020-10-24 22:59:36
202007,2020-10-25,detroit-lions,QB,pass_yards,Matthew Stafford,4924,15,284.5,-114,-114,284.5,-114,-114,-0.0159643940850176,-0.132807216148041,"",1,279.958129882813,pass_yards,5,7,0.532710280373832,0,2020-10-24 00:34:26
202007,2020-10-25,detroit-lions,QB,rush_yards,Matthew Stafford,4924,15,8.5,-114,-114,8.5,-114,-114,-0.0855534497429343,-0.200614407320867,"",1,7.77279567718506,rush_yards,5,2,0.532710280373832,0,2020-10-24 00:34:26
202007,2020-10-25,detroit-lions,RB,rec_yards,Adrian Peterson,3623,15,6.5,-114,-114,6.5,-114,-114,1.15238057650053,-0.0929055761118394,"",1,13.9904737472534,rec_yards,5,10,0.532710280373832,0,2020-10-24 22:59:36
202007,2020-10-25,detroit-lions,RB,rush_yards,Adrian Peterson,3623,15,43.5,-114,-114,43.5,-114,-114,0.30426121854234,-0.0837903853214154,"",1,56.7353630065918,rush_yards,5,10,0.532710280373832,0,2020-10-24 00:34:26
202007,2020-10-25,detroit-lions,RB,rec_yards,D'Andre Swift,57212,15,21.5,-114,-114,21.5,-114,-114,0.245659850364508,-0.0929055761118394,"",1,26.7816867828369,rec_yards,5,8,0.532710280373832,0,2020-10-24 00:34:26
202007,2020-10-25,detroit-lions,RB,rec_yards,D'Andre Swift,57212,15,25.5,-130,100,25.5,-125,-103,0.0502622267779182,-0.162149173075666,"",1,26.7816867828369,rec_yards,6,6,0.5,0,2020-10-25 08:15:00
202007,2020-10-25,detroit-lions,RB,rec_yards,D'Andre Swift,57212,15,25.5,-125,-103,25.5,-125,-103,0.0502622267779182,-0.0929055761118394,"",1,26.7816867828369,rec_yards,5,6,0.507389162561576,0,2020-10-24 22:59:36
202007,2020-10-25,detroit-lions,RB,receptions,D'Andre Swift,57212,15,2.5,-156,120,2.5,-156,120,0.408985328674316,-0.0720654540591776,"",1,3.52246332168579,receptions,6,10,0.454545454545455,0,2020-10-24 00:34:26
202007,2020-10-25,detroit-lions,REC,rec_yards,Danny Amendola,4717,15,33.5,-114,-114,33.5,-114,-114,0.134837705697586,-0.151582705871455,"",1,38.0170631408691,rec_yards,5,8,0.532710280373832,0,2020-10-24 22:59:36
202007,2020-10-25,detroit-lions,REC,receptions,Danny Amendola,4717,15,2.5,-143,110,2.5,-143,110,0.178881549835205,-0.0802228376600476,"",1,2.94720387458801,receptions,6,9,0.476190476190476,0,2020-10-24 22:59:36
202007,2020-10-25,detroit-lions,REC,rec_yards,Kenny Golladay,11851,15,74.5,-114,-114,74.5,-114,-114,-0.00838188837038591,-0.151582705871455,"",1,73.8755493164063,rec_yards,5,5,0.532710280373832,0,2020-10-24 00:34:26
202007,2020-10-25,detroit-lions,REC,rec_yards,Kenny Golladay,11851,15,79.5,-130,100,79.5,-114,-114,-0.0707478073408019,-0.164794721190197,"",1,73.8755493164063,rec_yards,6,5,0.5,0,2020-10-25 08:15:00
202007,2020-10-25,detroit-lions,REC,rec_yards,Kenny Golladay,11851,15,79.5,-114,-114,79.5,-114,-114,-0.0707478073408019,-0.151582705871455,"",1,73.8755493164063,rec_yards,5,4,0.532710280373832,0,2020-10-24 22:59:36
202007,2020-10-25,detroit-lions,REC,receptions,Kenny Golladay,11851,15,5.5,100,-130,5.5,100,-130,-0.193018046292392,-0.118372320045124,U,1.5,4.43840074539185,receptions,5,2,0.565217391304348,1.5,2020-10-24 00:34:26
202007,2020-10-25,detroit-lions,REC,rec_yards,Marvin Jones,7158,15,45.5,-114,-114,45.5,-114,-114,0.0044289054451408,-0.151582705871455,"",1,45.7015151977539,rec_yards,5,6,0.532710280373832,0,2020-10-24 00:34:26
202007,2020-10-25,detroit-lions,REC,receptions,Marvin Jones,7158,15,3.5,-108,-120,3.5,-108,-120,0.031543459211077,-0.118372320045124,"",1,3.61040210723877,receptions,5,7,0.545454545454545,0,2020-10-24 00:34:26
202007,2020-10-25,detroit-lions,REC,receptions,Marvin Jones,7158,15,3.5,120,-156,3.5,120,-156,0.031543459211077,-0.116064412253243,"",1,3.61040210723877,receptions,4,7,0.609375,0,2020-10-24 22:59:36
202007,2020-10-25,detroit-lions,REC,rec_yards,TJ Hockenson,40912,15,38.5,-114,-114,38.5,-114,-114,0.00635330398361404,-0.151582705871455,"",1,38.7446022033691,rec_yards,5,6,0.532710280373832,0,2020-10-24 00:34:26
202007,2020-10-25,detroit-lions,REC,receptions,TJ Hockenson,40912,15,3.5,-120,-108,3.5,-120,-108,0.0390027591160366,-0.118372320045124,"",1,3.63650965690613,receptions,5,7,0.519230769230769,0,2020-10-24 00:34:26
202007,2020-10-25,green-bay-packers,QB,pass_yards,Aaron Rodgers,2241,15,286.5,-114,-114,286.5,-114,-114,-0.0306385832515271,-0.132807216148041,"",1,277.722045898438,pass_yards,5,6,0.532710280373832,0,2020-10-24 00:34:26
202007,2020-10-25,green-bay-packers,QB,rush_yards,Aaron Rodgers,2241,15,10.5,-114,-114,10.5,-114,-114,-0.0865501222156343,-0.200614407320867,"",1,9.59122371673584,rush_yards,5,2,0.532710280373832,0,2020-10-24 00:34:26
202007,2020-10-25,green-bay-packers,REC,rec_yards,Davante Adams,8688,15,85.5,-114,-114,85.5,-114,-114,-0.0209607576069079,-0.151582705871455,"",1,83.7078552246094,rec_yards,5,5,0.532710280373832,0,2020-10-24 00:34:26
202007,2020-10-25,green-bay-packers,REC,rec_yards,Davante Adams,8688,15,88.5,-114,-114,88.5,-114,-114,-0.0541485285354873,-0.151582705871455,"",1,83.7078552246094,rec_yards,5,4,0.532710280373832,0,2020-10-24 22:59:36
202007,2020-10-25,green-bay-packers,REC,receptions,Davante Adams,8688,15,7,-114,-114,7,-114,-114,-0.0781603540693011,-0.118372320045124,"",1,6.45287752151489,receptions,5,4,0.532710280373832,0,2020-10-24 00:34:26
202007,2020-10-25,houston-texans,QB,pass_yards,Deshaun Watson,11767,15,295.5,-114,-114,295.5,-114,-114,-0.036883100842058,-0.132807216148041,"",1,284.601043701172,pass_yards,5,5,0.532710280373832,0,2020-10-24 00:34:26
202007,2020-10-25,houston-texans,QB,pass_yards,Deshaun Watson,11767,15,295.5,-103,-125,295.5,-114,-114,-0.036883100842058,-0.132807216148041,"",1,284.601043701172,pass_yards,5,5,0.555555555555556,0,2020-10-25 08:15:00
202007,2020-10-25,houston-texans,QB,rush_yards,Deshaun Watson,11767,15,20.5,-125,-103,20.5,-114,-114,0.0301281068383194,-0.200614407320867,"",1,21.1176261901855,rush_yards,5,4,0.507389162561576,0,2020-10-25 08:15:00
202007,2020-10-25,houston-texans,QB,rush_yards,Deshaun Watson,11767,15,20.5,-114,-114,20.5,-114,-114,0.0301281068383194,-0.200614407320867,"",1,21.1176261901855,rush_yards,5,4,0.532710280373832,0,2020-10-24 00:34:26
202007,2020-10-25,houston-texans,RB,rec_yards,David Johnson,9519,15,15.5,-114,-114,15.5,-114,-114,0.235262840024887,-0.0929055761118394,"",1,19.1465740203857,rec_yards,5,8,0.532710280373832,0,2020-10-24 00:34:26
202007,2020-10-25,houston-texans,RB,rush_yards,David Johnson,9519,15,65.5,-114,-114,65.5,-114,-114,-0.190932819861492,-0.0837903853214154,U,0.5,52.9939002990723,rush_yards,5,1,0.532710280373832,0.5,2020-10-24 00:34:26
202007,2020-10-25,houston-texans,RB,rec_yards,Duke Johnson,9510,15,15.5,-114,-114,15.5,-114,-114,0.471029097034085,-0.0929055761118394,"",1,22.8009510040283,rec_yards,5,10,0.532710280373832,0,2020-10-24 00:34:26
202007,2020-10-25,houston-texans,RB,rush_yards,Duke Johnson,9510,15,65.5,-114,-114,65.5,-114,-114,-0.741641008216916,-0.0837903853214154,U,0.5,16.922513961792,rush_yards,5,1,0.532710280373832,0.5,2020-10-24 00:34:26
202007,2020-10-25,houston-texans,REC,rec_yards,Brandin Cooks,8655,15,64.5,-114,-114,64.5,-114,-114,-0.131717534028282,-0.151582705871455,"",1,56.0042190551758,rec_yards,5,3,0.532710280373832,0,2020-10-24 00:34:26
202007,2020-10-25,houston-texans,REC,receptions,Brandin Cooks,8655,15,4.5,-156,120,4.5,-156,120,-0.142454783121745,-0.0802228376600476,U,1,3.85895347595215,receptions,6,3,0.454545454545455,1,2020-10-24 22:59:36
202007,2020-10-25,houston-texans,REC,receptions,Brandin Cooks,8655,15,4.5,-125,-103,4.5,-125,-103,-0.142454783121745,-0.118372320045124,U,1,3.85895347595215,receptions,5,3,0.507389162561576,1,2020-10-24 00:34:26
202007,2020-10-25,houston-texans,REC,rec_yards,Randall Cobb,6216,15,42.5,-114,-114,42.5,-114,-114,0.0270510505227482,-0.151582705871455,"",1,43.6496696472168,rec_yards,5,6,0.532710280373832,0,2020-10-24 00:34:26
202007,2020-10-25,houston-texans,REC,receptions,Randall Cobb,6216,15,3.5,-103,-125,3.5,-103,-125,0.0151871953691755,-0.118372320045124,"",1,3.55315518379211,receptions,5,7,0.555555555555556,0,2020-10-24 00:34:26
202007,2020-10-25,houston-texans,REC,rec_yards,Will Fuller,10655,15,68.5,-114,-114,68.5,-114,-114,0.0518336609332231,-0.151582705871455,"",1,72.0506057739258,rec_yards,5,7,0.532710280373832,0,2020-10-24 22:59:36
202007,2020-10-25,houston-texans,REC,rec_yards,Will Fuller,10655,15,68.5,-108,-120,68.5,-114,-114,0.0518336609332231,-0.151582705871455,"",1,72.0506057739258,rec_yards,5,7,0.545454545454545,0,2020-10-25 08:15:00
202007,2020-10-25,houston-texans,REC,rec_yards,Will Fuller,10655,15,70.5,-114,-114,70.5,-114,-114,0.0219944081407912,-0.151582705871455,"",1,72.0506057739258,rec_yards,5,6,0.532710280373832,0,2020-10-24 00:34:26
202007,2020-10-25,houston-texans,REC,receptions,Will Fuller,10655,15,5.5,114,-149,5.5,114,-149,-0.163758364590732,-0.116064412253243,U,1,4.59932899475098,receptions,4,3,0.598393574297189,1,2020-10-24 00:34:26
202007,2020-10-25,jacksonville-jaguars,QB,pass_yards,Gardner Minshew,41401,15,250.5,-114,-114,250.5,-114,-114,0.0307369879381861,-0.132807216148041,"",1,258.199615478516,pass_yards,5,9,0.532710280373832,0,2020-10-25 14:06:07
202007,2020-10-25,jacksonville-jaguars,QB,pass_yards,Gardner Minshew,41401,15,264.5,-114,-114,264.5,-114,-114,-0.0238199792872755,-0.132807216148041,"",1,258.199615478516,pass_yards,5,6,0.532710280373832,0,2020-10-24 22:59:36
202007,2020-10-25,jacksonville-jaguars,QB,rush_yards,Gardner Minshew,41401,15,15.5,-114,-114,15.5,-114,-114,0.23353995046308,-0.200614407320867,"",1,19.1198692321777,rush_yards,5,6,0.532710280373832,0,2020-10-24 22:59:36
202007,2020-10-25,jacksonville-jaguars,RB,rec_yards,James Robinson,22425,15,23.5,-143,110,23.5,-125,-103,0.157959796012716,-0.162149173075666,"",1,27.2120552062988,rec_yards,6,7,0.476190476190476,0,2020-10-25 08:15:00
202007,2020-10-25,jacksonville-jaguars,RB,rec_yards,James Robinson,22425,15,23.5,-125,-103,23.5,-125,-103,0.157959796012716,-0.0929055761118394,"",1,27.2120552062988,rec_yards,5,8,0.507389162561576,0,2020-10-24 22:59:36
202007,2020-10-25,jacksonville-jaguars,RB,rec_yards,James Robinson,22425,15,25.5,-130,100,25.5,-130,100,0.067139419854856,-0.162149173075666,"",1,27.2120552062988,rec_yards,6,6,0.5,0,2020-10-25 14:06:07
202007,2020-10-25,jacksonville-jaguars,RB,receptions,James Robinson,22425,15,3,-156,120,3,-156,120,0.127611001332601,-0.0720654540591776,"",1,3.3828330039978,receptions,6,7,0.454545454545455,0,2020-10-24 22:59:36
202007,2020-10-25,jacksonville-jaguars,RB,rush_yards,James Robinson,22425,15,53.5,-114,-114,53.5,-114,-114,0.186613207665559,-0.0837903853214154,"",1,63.4838066101074,rush_yards,5,9,0.532710280373832,0,2020-10-24 22:59:36
202007,2020-10-25,jacksonville-jaguars,REC,rec_yards,DJ Chark,47702,15,52.5,-114,-114,52.5,-114,-114,0.061188470749628,-0.151582705871455,"",1,55.7123947143555,rec_yards,5,7,0.532710280373832,0,2020-10-24 22:59:36
202007,2020-10-25,jacksonville-jaguars,REC,receptions,DJ Chark,47702,15,4.5,100,-130,4.5,100,-130,0.00509972042507595,-0.118372320045124,"",1,4.52294874191284,receptions,5,6,0.565217391304348,0,2020-10-24 22:59:36
202007,2020-10-25,jacksonville-jaguars,REC,rec_yards,James O'Shaughnessy,9606,15,25.5,100,-130,25.5,100,-130,-0.0741049074659161,-0.151582705871455,"",1,23.6103248596191,rec_yards,5,4,0.565217391304348,0,2020-10-24 22:59:36
202007,2020-10-25,jacksonville-jaguars,REC,receptions,James O'Shaughnessy,9606,15,2.5,-130,100,2.5,-130,100,-0.089265251159668,-0.0802228376600476,U,1,2.27683687210083,receptions,6,3,0.5,1,2020-10-24 22:59:36
202007,2020-10-25,jacksonville-jaguars,REC,rec_yards,Laviska Shenault,61220,6,43.5,-114,-114,43.5,-114,-114,0.154914066709321,-0.151582705871455,"",1,50.2387619018555,rec_yards,5,8,0.532710280373832,0,2020-10-24 22:59:36
202007,2020-10-25,jacksonville-jaguars,REC,receptions,Laviska Shenault,61220,6,4.5,120,-156,4.5,120,-156,0.0563149982028537,-0.116064412253243,"",1,4.75341749191284,receptions,4,8,0.609375,0,2020-10-24 22:59:36
202007,2020-10-25,kansas-city-chiefs,QB,pass_yards,Patrick Mahomes,11765,15,264.5,-103,-125,264.5,-103,-125,-0.00720445600484405,-0.132807216148041,"",1,262.594421386719,pass_yards,5,7,0.555555555555556,0,2020-10-24 22:59:36
202007,2020-10-25,kansas-city-chiefs,QB,pass_yards,Patrick Mahomes,11765,15,269.5,-114,-114,269.5,-114,-114,-0.0256236683238636,-0.132807216148041,"",1,262.594421386719,pass_yards,5,6,0.532710280373832,0,2020-10-24 00:34:26
202007,2020-10-25,kansas-city-chiefs,QB,rush_yards,Patrick Mahomes,11765,15,21.5,-125,-103,21.5,-114,-114,0.0713380325672238,-0.200614407320867,"",1,23.0337677001953,rush_yards,5,4,0.507389162561576,0,2020-10-25 08:15:00
202007,2020-10-25,kansas-city-chiefs,QB,rush_yards,Patrick Mahomes,11765,15,21.5,-114,-114,21.5,-114,-114,0.0713380325672238,-0.200614407320867,"",1,23.0337677001953,rush_yards,5,4,0.532710280373832,0,2020-10-24 00:34:26
202007,2020-10-25,kansas-city-chiefs,QB,rush_yards,Patrick Mahomes,11765,15,26.5,-114,-114,26.5,-114,-114,-0.130801218860554,-0.200614407320867,"",1,23.0337677001953,rush_yards,5,2,0.532710280373832,0,2020-10-25 14:06:07
202007,2020-10-25,kansas-city-chiefs,RB,rec_yards,Clyde Edwards-Helaire,57279,15,17.5,-114,-114,17.5,-114,-114,0.821700940813337,-0.0929055761118394,"",1,31.8797664642334,rec_yards,5,10,0.532710280373832,0,2020-10-24 00:34:26
202007,2020-10-25,kansas-city-chiefs,RB,rec_yards,Clyde Edwards-Helaire,57279,15,18.5,-125,-103,18.5,-125,-103,0.723230619688292,-0.0929055761118394,"",1,31.8797664642334,rec_yards,5,10,0.507389162561576,0,2020-10-24 22:59:36
202007,2020-10-25,kansas-city-chiefs,RB,rec_yards,Clyde Edwards-Helaire,57279,15,20.5,-114,-114,20.5,-114,-114,0.555110559230898,-0.0929055761118394,"",1,31.8797664642334,rec_yards,5,10,0.532710280373832,0,2020-10-25 14:06:07
202007,2020-10-25,kansas-city-chiefs,RB,receptions,Clyde Edwards-Helaire,57279,15,2.5,-156,120,2.5,-156,120,0.600527954101563,-0.0720654540591776,"",1,4.00131988525391,receptions,6,10,0.454545454545455,0,2020-10-24 22:59:36
202007,2020-10-25,kansas-city-chiefs,RB,receptions,Clyde Edwards-Helaire,57279,15,2.5,-130,100,2.5,-130,100,0.600527954101563,-0.0720654540591776,"",1,4.00131988525391,receptions,6,10,0.5,0,2020-10-24 00:34:26
202007,2020-10-25,kansas-city-chiefs,RB,rush_yards,Clyde Edwards-Helaire,57279,15,60.5,-114,-114,60.5,-114,-114,0.294161583766464,-0.0837903853214154,"",1,78.2967758178711,rush_yards,5,10,0.532710280373832,0,2020-10-24 00:34:26
202007,2020-10-25,kansas-city-chiefs,RB,rush_yards,Clyde Edwards-Helaire,57279,15,65.5,-130,100,65.5,-114,-114,0.195370623173605,-0.134182323227581,"",1,78.2967758178711,rush_yards,6,10,0.5,0,2020-10-25 08:15:00
202007,2020-10-25,kansas-city-chiefs,RB,rush_yards,Clyde Edwards-Helaire,57279,15,65.5,-114,-114,65.5,-114,-114,0.195370623173605,-0.0837903853214154,"",1,78.2967758178711,rush_yards,5,9,0.532710280373832,0,2020-10-24 22:59:36
202007,2020-10-25,kansas-city-chiefs,RB,rush_yards,Clyde Edwards-Helaire,57279,15,67.5,-143,110,67.5,-143,110,0.159952234338831,-0.134182323227581,"",1,78.2967758178711,rush_yards,6,10,0.476190476190476,0,2020-10-25 14:06:07
202007,2020-10-25,kansas-city-chiefs,REC,rec_yards,Mecole Hardman,42683,15,25.5,-125,-103,25.5,-114,-114,0.226277295280905,-0.151582705871455,"",1,31.2700710296631,rec_yards,5,9,0.507389162561576,0,2020-10-25 08:15:00
202007,2020-10-25,kansas-city-chiefs,REC,rec_yards,Mecole Hardman,42683,15,25.5,-114,-114,25.5,-114,-114,0.226277295280905,-0.151582705871455,"",1,31.2700710296631,rec_yards,5,9,0.532710280373832,0,2020-10-24 22:59:36
202007,2020-10-25,kansas-city-chiefs,REC,receptions,Mecole Hardman,42683,15,2.5,110,-143,2.5,110,-143,0.0659051895141602,-0.116064412253243,"",1,2.6647629737854,receptions,4,8,0.588477366255144,0,2020-10-24 22:59:36
202007,2020-10-25,kansas-city-chiefs,REC,receptions,Mecole Hardman,42683,15,2.5,127,-167,2.5,127,-167,0.0659051895141602,-0.116064412253243,"",1,2.6647629737854,receptions,4,8,0.625468164794008,0,2020-10-25 14:06:07
202007,2020-10-25,kansas-city-chiefs,REC,rec_yards,Travis Kelce,7844,15,65.5,-114,-114,65.5,-114,-114,0.129099023251133,-0.151582705871455,"",1,73.9559860229492,rec_yards,5,8,0.532710280373832,0,2020-10-24 00:34:26
202007,2020-10-25,kansas-city-chiefs,REC,receptions,Travis Kelce,7844,15,5.5,-135,104,5.5,-135,104,0.0909753279252486,-0.0802228376600476,"",1,6.00036430358887,receptions,6,7,0.490196078431373,0,2020-10-24 00:34:26
202007,2020-10-25,kansas-city-chiefs,REC,rec_yards,Tyreek Hill,10799,15,60.5,-114,-114,60.5,-114,-114,0.0464507173900762,-0.151582705871455,"",1,63.3102684020996,rec_yards,5,7,0.532710280373832,0,2020-10-24 00:34:26
202007,2020-10-25,kansas-city-chiefs,REC,receptions,Tyreek Hill,10799,15,4.5,-143,110,4.5,-143,110,0.000842942131890191,-0.0802228376600476,"",1,4.50379323959351,receptions,6,5,0.476190476190476,0,2020-10-24 00:34:26
202007,2020-10-25,kansas-city-chiefs,REC,receptions,Tyreek Hill,10799,15,4.5,-125,-103,4.5,-125,-103,0.000842942131890191,-0.118372320045124,"",1,4.50379323959351,receptions,5,6,0.507389162561576,0,2020-10-24 22:59:36
202007,2020-10-25,kansas-city-chiefs,REC,receptions,Tyreek Hill,10799,15,4.5,-114,-114,4.5,-114,-114,0.000842942131890191,-0.118372320045124,"",1,4.50379323959351,receptions,5,6,0.532710280373832,0,2020-10-25 14:06:07
202007,2020-10-25,las-vegas-raiders,QB,pass_yards,Derek Carr,8671,15,272.5,-114,-114,272.5,-114,-114,0.00238541069380734,-0.132807216148041,"",1,273.150024414063,pass_yards,5,8,0.532710280373832,0,2020-10-25 14:06:07
202007,2020-10-25,las-vegas-raiders,RB,rec_yards,Josh Jacobs,45953,15,17.5,-114,-114,17.5,-114,-114,0.577196175711496,-0.0929055761118394,"",1,27.6009330749512,rec_yards,5,10,0.532710280373832,0,2020-10-25 14:06:07
202007,2020-10-25,las-vegas-raiders,RB,receptions,Josh Jacobs,45953,15,2.5,-143,110,2.5,-143,110,0.309987640380859,-0.0720654540591776,"",1,3.27496910095215,receptions,6,9,0.476190476190476,0,2020-10-25 14:06:07
202007,2020-10-25,las-vegas-raiders,RB,rush_yards,Josh Jacobs,45953,15,64.5,100,-130,64.5,100,-130,0.12275021575218,-0.0837903853214154,"",1,72.4173889160156,rush_yards,5,8,0.565217391304348,0,2020-10-25 14:06:07
202007,2020-10-25,las-vegas-raiders,REC,rec_yards,Darren Waller,9637,15,58.5,-114,-114,58.5,-114,-114,0.146969656658988,-0.151582705871455,"",1,67.0977249145508,rec_yards,5,8,0.532710280373832,0,2020-10-25 14:06:07
202007,2020-10-25,las-vegas-raiders,REC,receptions,Darren Waller,9637,15,5.5,-108,-120,5.5,-108,-120,0.021499980579723,-0.118372320045124,"",1,5.61824989318848,receptions,5,7,0.545454545454545,0,2020-10-25 14:06:07
202007,2020-10-25,las-vegas-raiders,REC,rec_yards,Henry Ruggs,61102,5,44.5,-114,-114,44.5,-114,-114,-0.0216073882713747,-0.151582705871455,"",1,43.5384712219238,rec_yards,5,5,0.532710280373832,0,2020-10-25 14:06:07
202007,2020-10-25,las-vegas-raiders,REC,receptions,Henry Ruggs,61102,5,3.5,-108,-120,3.5,-108,-120,-0.156007494245257,-0.118372320045124,U,1,2.9539737701416,receptions,5,3,0.545454545454545,1,2020-10-25 14:06:07
202007,2020-10-25,las-vegas-raiders,REC,rec_yards,Hunter Renfrow,47509,15,40.5,-114,-114,40.5,-114,-114,0.253065603750723,-0.151582705871455,"",1,50.7491569519043,rec_yards,5,9,0.532710280373832,0,2020-10-25 14:06:07
202007,2020-10-25,las-vegas-raiders,REC,receptions,Hunter Renfrow,47509,15,3.5,127,-167,3.5,127,-167,0.209824425833566,-0.116064412253243,"",1,4.23438549041748,receptions,4,10,0.625468164794008,0,2020-10-25 14:06:07
202007,2020-10-25,las-vegas-raiders,REC,rec_yards,Nelson Agholor,9453,15,25.5,-114,-114,25.5,-114,-114,0.492426853553922,-0.151582705871455,"",1,38.056884765625,rec_yards,5,10,0.532710280373832,0,2020-10-25 14:06:07
202007,2020-10-25,las-vegas-raiders,REC,receptions,Nelson Agholor,9453,15,2.5,127,-167,2.5,127,-167,0.227489757537842,-0.116064412253243,"",1,3.0687243938446,receptions,4,10,0.625468164794008,0,2020-10-25 14:06:07
202007,2020-10-25,los-angeles-chargers,QB,pass_yards,Justin Herbert,28237,15,263.5,-114,-114,263.5,-114,-114,0.0512094226236362,-0.132807216148041,"",1,276.993682861328,pass_yards,5,9,0.532710280373832,0,2020-10-24 00:34:26
202007,2020-10-25,los-angeles-chargers,QB,pass_yards,Justin Herbert,28237,15,265.5,-125,-103,265.5,-125,-103,0.0432907075756238,-0.132807216148041,"",1,276.993682861328,pass_yards,5,9,0.507389162561576,0,2020-10-25 14:06:07
202007,2020-10-25,los-angeles-chargers,QB,rush_yards,Justin Herbert,28237,15,16.5,-114,-114,16.5,-114,-114,-0.0135780103278883,-0.200614407320867,"",1,16.2759628295898,rush_yards,5,3,0.532710280373832,0,2020-10-24 00:34:26
202007,2020-10-25,los-angeles-chargers,RB,rush_yards,Joshua Kelley,13750,15,51.5,-114,-114,51.5,-114,-114,-0.113320804336696,-0.0837903853214154,U,1,45.6639785766602,rush_yards,5,3,0.532710280373832,1,2020-10-24 22:59:36
202007,2020-10-25,los-angeles-chargers,RB,rush_yards,Justin Jackson,29539,15,48.5,-114,-114,48.5,-114,-114,-0.118867067946601,-0.0837903853214154,U,1,42.7349472045898,rush_yards,5,2,0.532710280373832,1,2020-10-24 22:59:36
202007,2020-10-25,los-angeles-chargers,REC,rec_yards,Hunter Henry,10669,15,45.5,-125,-103,45.5,-114,-114,0.0315882085443853,-0.151582705871455,"",1,46.9372634887695,rec_yards,5,6,0.507389162561576,0,2020-10-25 08:15:00
202007,2020-10-25,los-angeles-chargers,REC,rec_yards,Hunter Henry,10669,15,45.5,-114,-114,45.5,-114,-114,0.0315882085443853,-0.151582705871455,"",1,46.9372634887695,rec_yards,5,6,0.532710280373832,0,2020-10-24 00:34:26
202007,2020-10-25,los-angeles-chargers,REC,rec_yards,Hunter Henry,10669,15,48.5,-125,-103,48.5,-125,-103,-0.0322213713655767,-0.151582705871455,"",1,46.9372634887695,rec_yards,5,5,0.507389162561576,0,2020-10-25 14:06:07
202007,2020-10-25,los-angeles-chargers,REC,receptions,Hunter Henry,10669,15,4.5,-114,-114,4.5,-114,-114,-0.0664420657687717,-0.118372320045124,"",1,4.20101070404053,receptions,5,5,0.532710280373832,0,2020-10-25 14:06:07
202007,2020-10-25,los-angeles-chargers,REC,receptions,Hunter Henry,10669,15,4.5,120,-156,4.5,120,-156,-0.0664420657687717,-0.116064412253243,"",1,4.20101070404053,receptions,4,5,0.609375,0,2020-10-24 00:34:26
202007,2020-10-25,los-angeles-chargers,REC,rec_yards,Keenan Allen,7857,15,73.5,-114,-114,73.5,-114,-114,0.0147548338182929,-0.151582705871455,"",1,74.5844802856445,rec_yards,5,6,0.532710280373832,0,2020-10-24 00:34:26
202007,2020-10-25,los-angeles-chargers,REC,receptions,Keenan Allen,7857,15,6,-130,100,6,-130,100,-0.00987410545349121,-0.0802228376600476,"",1,5.94075536727905,receptions,6,5,0.5,0,2020-10-25 14:06:07
202007,2020-10-25,los-angeles-chargers,REC,receptions,Keenan Allen,7857,15,6,-114,-114,6,-114,-114,-0.00987410545349121,-0.118372320045124,"",1,5.94075536727905,receptions,5,6,0.532710280373832,0,2020-10-24 00:34:26
202007,2020-10-25,los-angeles-chargers,REC,rec_yards,Mike Williams,11762,15,41.5,-114,-114,41.5,-114,-114,0.313654244664204,-0.151582705871455,"",1,54.5166511535645,rec_yards,5,10,0.532710280373832,0,2020-10-24 00:34:26
202007,2020-10-25,los-angeles-chargers,REC,rec_yards,Mike Williams,11762,15,42.5,-125,-103,42.5,-125,-103,0.282744733025046,-0.151582705871455,"",1,54.5166511535645,rec_yards,5,9,0.507389162561576,0,2020-10-24 22:59:36
202007,2020-10-25,los-angeles-chargers,REC,rec_yards,Mike Williams,11762,15,44.5,-114,-114,44.5,-114,-114,0.225093284349763,-0.151582705871455,"",1,54.5166511535645,rec_yards,5,9,0.532710280373832,0,2020-10-25 14:06:07
202007,2020-10-25,los-angeles-chargers,REC,receptions,Mike Williams,11762,15,3.5,120,-156,3.5,120,-156,-0.0384957449776786,-0.116064412253243,"",1,3.36526489257813,receptions,4,6,0.609375,0,2020-10-24 00:34:26
202007,2020-10-25,new-england-patriots,RB,rush_yards,Damien Harris,35134,15,38.5,-114,-114,38.5,-114,-114,0.13446619603541,-0.0837903853214154,"",1,43.6769485473633,rush_yards,5,8,0.532710280373832,0,2020-10-24 22:59:36
202007,2020-10-25,new-england-patriots,RB,rec_yards,James White,8765,15,30.5,-114,-114,30.5,-114,-114,0.209494543857262,-0.0929055761118394,"",1,36.8895835876465,rec_yards,5,8,0.532710280373832,0,2020-10-24 22:59:36
202007,2020-10-25,new-england-patriots,RB,receptions,James White,8765,15,4.5,120,-156,4.5,120,-156,0.0177448060777452,-0.0920878682817725,"",1,4.57985162734985,receptions,4,6,0.609375,0,2020-10-24 22:59:36
202007,2020-10-25,new-england-patriots,RB,rush_yards,Rex Burkhead,7971,15,18.5,-114,-114,18.5,-114,-114,1.04740266542177,-0.0837903853214154,"",1,37.8769493103027,rush_yards,5,10,0.532710280373832,0,2020-10-24 22:59:36
202007,2020-10-25,new-england-patriots,REC,rec_yards,Damiere Byrd,9964,15,41.5,-114,-114,41.5,-114,-114,0.130549878959196,-0.151582705871455,"",1,46.9178199768066,rec_yards,5,8,0.532710280373832,0,2020-10-24 22:59:36
202007,2020-10-25,new-england-patriots,REC,rec_yards,Damiere Byrd,9964,15,41.5,100,-130,41.5,100,-130,0.130549878959196,-0.151582705871455,"",1,46.9178199768066,rec_yards,5,8,0.565217391304348,0,2020-10-25 14:06:07
202007,2020-10-25,new-england-patriots,REC,receptions,Damiere Byrd,9964,15,3.5,104,-135,3.5,104,-135,0.0652880668640137,-0.118372320045124,"",1,3.72850823402405,receptions,5,8,0.574468085106383,0,2020-10-25 14:06:07
202007,2020-10-25,new-england-patriots,REC,rec_yards,Julian Edelman,5156,15,47.5,-114,-114,47.5,-114,-114,0.127469594855058,-0.151582705871455,"",1,53.5548057556152,rec_yards,5,8,0.532710280373832,0,2020-10-24 22:59:36
202007,2020-10-25,new-england-patriots,REC,receptions,Julian Edelman,5156,15,4,-114,-114,4,-114,-114,0.117271900177002,-0.118372320045124,"",1,4.46908760070801,receptions,5,9,0.532710280373832,0,2020-10-25 14:06:07
202007,2020-10-25,new-england-patriots,REC,rec_yards,N'Keal Harry,48297,12,34.5,-114,-114,34.5,-114,-114,0.00193499136662138,-0.151582705871455,"",1,34.5667572021484,rec_yards,5,6,0.532710280373832,0,2020-10-24 22:59:36
202007,2020-10-25,new-england-patriots,REC,rec_yards,N'Keal Harry,48297,12,34.5,100,-130,34.5,100,-130,0.00193499136662138,-0.151582705871455,"",1,34.5667572021484,rec_yards,5,6,0.565217391304348,0,2020-10-25 14:06:07
202007,2020-10-25,new-england-patriots,REC,rec_yards,N'Keal Harry,48297,12,38.5,-114,-114,38.5,-114,-114,-0.102162150593547,-0.151582705871455,"",1,34.5667572021484,rec_yards,5,3,0.532710280373832,0,2020-10-24 00:34:26
202007,2020-10-25,new-england-patriots,REC,receptions,N'Keal Harry,48297,12,3.5,-108,-120,3.5,-108,-120,-0.0963615008762905,-0.118372320045124,"",1,3.16273474693298,receptions,5,4,0.545454545454545,0,2020-10-24 00:34:26
202007,2020-10-25,new-england-patriots,REC,rec_yards,Ryan Izzo,47327,15,14.5,-114,-114,14.5,-114,-114,0.502745661242255,-0.151582705871455,"",1,21.7898120880127,rec_yards,5,10,0.532710280373832,0,2020-10-25 14:06:07
202007,2020-10-25,new-orleans-saints,QB,pass_yards,Drew Brees,802,15,268.5,-114,-114,268.5,-114,-114,0.0961545805691341,-0.132807216148041,"",1,294.317504882813,pass_yards,5,10,0.532710280373832,0,2020-10-24 22:59:36
202007,2020-10-25,new-orleans-saints,RB,rec_yards,Alvin Kamara,11822,15,59.5,-120,-108,59.5,-120,-108,-0.242941720145089,-0.0929055761118394,U,2,45.0449676513672,rec_yards,5,1,0.519230769230769,2,2020-10-24 22:59:36
202007,2020-10-25,new-orleans-saints,RB,rec_yards,Alvin Kamara,11822,15,61.5,-130,100,59.5,-120,-108,-0.267561501603786,-0.162149173075666,U,1,45.0449676513672,rec_yards,6,2,0.5,1,2020-10-25 08:15:00
202007,2020-10-25,new-orleans-saints,RB,receptions,Alvin Kamara,11822,15,7,-125,-103,7,-125,-103,-0.318632738930838,-0.105587141854423,U,2,4.76957082748413,receptions,5,1,0.507389162561576,2,2020-10-24 22:59:36
202007,2020-10-25,new-orleans-saints,RB,rush_yards,Alvin Kamara,11822,15,64.5,-114,-114,64.5,-114,-114,0.0897106791651526,-0.0837903853214154,"",1,70.2863388061524,rush_yards,5,8,0.532710280373832,0,2020-10-24 00:34:26
202007,2020-10-25,new-orleans-saints,RB,rec_yards,Latavius Murray,7962,15,9.5,-114,-114,9.5,-114,-114,0.729346425909745,-0.0929055761118394,"",1,16.4287910461426,rec_yards,5,10,0.532710280373832,0,2020-10-24 22:59:36
202007,2020-10-25,new-orleans-saints,RB,rush_yards,Latavius Murray,7962,15,42.5,-114,-114,42.5,-114,-114,0.167251856186811,-0.0837903853214154,"",1,49.6082038879395,rush_yards,5,9,0.532710280373832,0,2020-10-24 00:34:26
202007,2020-10-25,new-orleans-saints,REC,rec_yards,Jared Cook,5012,15,42.5,-114,-114,42.5,-114,-114,0.152658709357767,-0.151582705871455,"",1,48.9879951477051,rec_yards,5,8,0.532710280373832,0,2020-10-24 22:59:36
202007,2020-10-25,new-orleans-saints,REC,receptions,Jared Cook,5012,15,3.5,-105,-123,3.5,-105,-123,-0.0289925166538783,-0.118372320045124,"",1,3.39852619171143,receptions,5,6,0.551569506726457,0,2020-10-24 22:59:36
202007,2020-10-25,new-orleans-saints,REC,rec_yards,Marquez Callaway,42295,2,33.5,-114,-114,33.5,-114,-114,-0.259343446190677,-0.151582705871455,U,2,24.8119945526123,rec_yards,5,1,0.532710280373832,2,2020-10-24 22:59:36
202007,2020-10-25,new-orleans-saints,REC,rec_yards,Tre'Quan Smith,48228,15,45.5,-114,-114,45.5,-114,-114,-0.12770265013307,-0.151582705871455,"",1,39.6895294189453,rec_yards,5,3,0.532710280373832,0,2020-10-24 22:59:36
202007,2020-10-25,new-orleans-saints,REC,rec_yards,Tre'Quan Smith,48228,15,47.5,-125,-103,45.5,-114,-114,-0.164430959601151,-0.151582705871455,U,1,39.6895294189453,rec_yards,5,2,0.507389162561576,1,2020-10-25 08:15:00
202007,2020-10-25,new-york-jets,QB,pass_yards,Sam Darnold,29048,15,218.5,-114,-114,218.5,-114,-114,0.0158474919997855,-0.132807216148041,"",1,221.962677001953,pass_yards,5,8,0.532710280373832,0,2020-10-24 22:59:36
202007,2020-10-25,new-york-jets,RB,rush_yards,Frank Gore,2282,15,40.5,-114,-114,40.5,-114,-114,0.216544163079909,-0.0837903853214154,"",1,49.2700386047363,rush_yards,5,9,0.532710280373832,0,2020-10-24 00:34:26
202007,2020-10-25,pittsburgh-steelers,QB,pass_yards,Ben Roethlisberger,1732,15,270.5,-108,-120,275.5,-114,-114,0.049888399303951,-0.132807216148041,"",1,283.994812011719,pass_yards,5,9,0.545454545454545,0,2020-10-25 08:15:00
202007,2020-10-25,pittsburgh-steelers,QB,pass_yards,Ben Roethlisberger,1732,15,275.5,-114,-114,275.5,-114,-114,0.0308341633819192,-0.132807216148041,"",1,283.994812011719,pass_yards,5,9,0.532710280373832,0,2020-10-24 22:59:36
202007,2020-10-25,pittsburgh-steelers,QB,pass_yards,Ben Roethlisberger,1732,15,277.5,-114,-114,277.5,-114,-114,0.0234047279701577,-0.132807216148041,"",1,283.994812011719,pass_yards,5,9,0.532710280373832,0,2020-10-24 00:34:26
202007,2020-10-25,pittsburgh-steelers,RB,rec_yards,James Conner,11860,15,19.5,-114,-114,19.5,-114,-114,0.554794018085186,-0.0929055761118394,"",1,30.3184833526611,rec_yards,5,10,0.532710280373832,0,2020-10-24 00:34:26
202007,2020-10-25,pittsburgh-steelers,RB,receptions,James Conner,11860,15,2.5,-156,120,2.5,-156,120,0.424553394317627,-0.0720654540591776,"",1,3.56138348579407,receptions,6,10,0.454545454545455,0,2020-10-24 22:59:36
202007,2020-10-25,pittsburgh-steelers,RB,rush_yards,James Conner,11860,15,66.5,-143,110,68.5,-143,110,-0.113697195411625,-0.134182323227581,"",1,58.939136505127,rush_yards,6,4,0.476190476190476,0,2020-10-24 22:59:36
202007,2020-10-25,pittsburgh-steelers,RB,rush_yards,James Conner,11860,15,66.5,-114,-114,66.5,-114,-114,-0.113697195411625,-0.0837903853214154,U,1,58.939136505127,rush_yards,5,3,0.532710280373832,1,2020-10-24 00:34:26
202007,2020-10-25,pittsburgh-steelers,RB,rush_yards,James Conner,11860,15,68.5,-143,110,68.5,-143,110,-0.13957464956019,-0.134182323227581,U,1,58.939136505127,rush_yards,6,3,0.476190476190476,1,2020-10-25 08:15:00
202007,2020-10-25,pittsburgh-steelers,REC,rec_yards,Chase Claypool,42312,5,50.5,-114,-114,50.5,-114,-114,0.0896897268767404,-0.151582705871455,"",1,55.0293312072754,rec_yards,5,7,0.532710280373832,0,2020-10-24 00:34:26
202007,2020-10-25,pittsburgh-steelers,REC,rec_yards,Chase Claypool,42312,5,54.5,-130,100,54.5,-130,100,0.00971249921606221,-0.164794721190197,"",1,55.0293312072754,rec_yards,6,7,0.5,0,2020-10-24 22:59:36
202007,2020-10-25,pittsburgh-steelers,REC,receptions,Chase Claypool,42312,5,4.5,-103,-125,4.5,-103,-125,-0.185141775343153,-0.118372320045124,U,1.5,3.66686201095581,receptions,5,2,0.555555555555556,1.5,2020-10-24 22:59:36
202007,2020-10-25,pittsburgh-steelers,REC,rec_yards,Diontae Johnson,33441,15,47.5,-114,-114,47.5,-114,-114,0.119548114977385,-0.151582705871455,"",1,53.1785354614258,rec_yards,5,8,0.532710280373832,0,2020-10-24 22:59:36
202007,2020-10-25,pittsburgh-steelers,REC,receptions,Diontae Johnson,33441,15,4.5,100,-130,4.5,100,-130,-0.0412441889444987,-0.118372320045124,"",1,4.31440114974976,receptions,5,5,0.565217391304348,0,2020-10-24 22:59:36
202007,2020-10-25,pittsburgh-steelers,REC,rec_yards,Eric Ebron,8645,15,34.5,-114,-114,34.5,-114,-114,0.150046970533288,-0.151582705871455,"",1,39.6766204833984,rec_yards,5,8,0.532710280373832,0,2020-10-24 00:34:26
202007,2020-10-25,pittsburgh-steelers,REC,receptions,Eric Ebron,8645,15,3.5,104,-135,3.5,104,-135,-0.0248840195792062,-0.118372320045124,"",1,3.41290593147278,receptions,5,6,0.574468085106383,0,2020-10-24 22:59:36
202007,2020-10-25,pittsburgh-steelers,REC,rec_yards,James Washington,47792,15,28.5,-114,-114,28.5,-114,-114,0.789312262284128,-0.151582705871455,"",1,50.9953994750977,rec_yards,5,10,0.532710280373832,0,2020-10-24 22:59:36
202007,2020-10-25,pittsburgh-steelers,REC,receptions,James Washington,47792,15,2.5,100,-130,2.5,100,-130,0.503966331481934,-0.118372320045124,"",1,3.75991582870483,receptions,5,10,0.565217391304348,0,2020-10-24 22:59:36
202007,2020-10-25,pittsburgh-steelers,REC,rec_yards,JuJu Smith-Schuster,11817,15,47.5,-114,-114,47.5,-114,-114,-0.204893413342928,-0.151582705871455,U,1,37.7675628662109,rec_yards,5,2,0.532710280373832,1,2020-10-24 00:34:26
202007,2020-10-25,pittsburgh-steelers,REC,receptions,JuJu Smith-Schuster,11817,15,4.5,-114,-114,4.5,-114,-114,-0.206237475077311,-0.118372320045124,U,1.5,3.5719313621521,receptions,5,2,0.532710280373832,1.5,2020-10-24 22:59:36
202007,2020-10-25,san-francisco-49ers,QB,pass_yards,Jimmy Garoppolo,8697,15,235.5,100,-130,235.5,100,-130,-0.00213486981240048,-0.132807216148041,"",1,234.99723815918,pass_yards,5,8,0.565217391304348,0,2020-10-25 14:06:07
202007,2020-10-25,san-francisco-49ers,QB,pass_yards,Jimmy Garoppolo,8697,15,239.5,-114,-114,239.5,-114,-114,-0.0188006757445525,-0.132807216148041,"",1,234.99723815918,pass_yards,5,7,0.532710280373832,0,2020-10-24 00:34:26
202007,2020-10-25,san-francisco-49ers,QB,pass_yards,Jimmy Garoppolo,8697,15,239.5,-108,-120,239.5,-108,-120,-0.0188006757445525,-0.132807216148041,"",1,234.99723815918,pass_yards,5,7,0.545454545454545,0,2020-10-24 22:59:36
202007,2020-10-25,san-francisco-49ers,RB,rec_yards,Jerick McKinnon,8731,15,20.5,-114,-114,20.5,-114,-114,0.554539471137814,-0.0929055761118394,"",1,31.8680591583252,rec_yards,5,10,0.532710280373832,0,2020-10-25 14:06:07
202007,2020-10-25,san-francisco-49ers,RB,receptions,Jerick McKinnon,8731,15,3,-114,-114,3,-114,-114,0.173349301020304,-0.105587141854423,"",1,3.52004790306091,receptions,5,9,0.532710280373832,0,2020-10-25 14:06:07
202007,2020-10-25,san-francisco-49ers,RB,rush_yards,Jerick McKinnon,8731,15,49.5,-114,-114,49.5,-114,-114,-0.451556157584142,-0.0837903853214154,U,0.5,27.147970199585,rush_yards,5,1,0.532710280373832,0.5,2020-10-25 14:06:07
202007,2020-10-25,san-francisco-49ers,REC,rec_yards,George Kittle,11901,15,65.5,-114,-114,65.5,-114,-114,0.201634414323414,-0.151582705871455,"",1,78.7070541381836,rec_yards,5,9,0.532710280373832,0,2020-10-24 00:34:26
202007,2020-10-25,san-francisco-49ers,REC,receptions,George Kittle,11901,15,5.5,-114,-114,5.5,-114,-114,0.216644287109375,-0.118372320045124,"",1,6.69154357910156,receptions,5,10,0.532710280373832,0,2020-10-24 00:34:26
202007,2020-10-25,seattle-seahawks,QB,pass_yards,Russell Wilson,7077,15,289.5,-114,-114,289.5,-114,-114,-0.0557973067789292,-0.132807216148041,"",1,273.3466796875,pass_yards,5,4,0.532710280373832,0,2020-10-24 22:59:36
202007,2020-10-25,seattle-seahawks,QB,rush_yards,Russell Wilson,7077,15,26.5,-114,-114,26.5,-114,-114,-0.152466468091281,-0.200614407320867,"",1,22.4596385955811,rush_yards,5,2,0.532710280373832,0,2020-10-25 14:06:07
202007,2020-10-25,seattle-seahawks,RB,rec_yards,Chris Carson,12004,15,20.5,-114,-114,20.5,-114,-114,0.516293874601039,-0.0929055761118394,"",1,31.0840244293213,rec_yards,5,10,0.532710280373832,0,2020-10-24 22:59:36
202007,2020-10-25,seattle-seahawks,RB,rec_yards,Chris Carson,12004,15,23.5,-114,-114,23.5,-114,-114,0.322724443800906,-0.0929055761118394,"",1,31.0840244293213,rec_yards,5,9,0.532710280373832,0,2020-10-25 14:06:07
202007,2020-10-25,seattle-seahawks,RB,receptions,Chris Carson,12004,15,3,-114,-114,3,-114,-114,0.316745042800903,-0.105587141854423,"",1,3.95023512840271,receptions,5,10,0.532710280373832,0,2020-10-25 14:06:07
202007,2020-10-25,seattle-seahawks,RB,rush_yards,Chris Carson,12004,15,61.5,-114,-114,61.5,-114,-114,0.0491237485311865,-0.0837903853214154,"",1,64.521110534668,rush_yards,5,7,0.532710280373832,0,2020-10-25 14:06:07
202007,2020-10-25,seattle-seahawks,RB,rush_yards,Chris Carson,12004,15,65.5,-114,-114,65.5,-114,-114,-0.0149448773333135,-0.0837903853214154,"",1,64.521110534668,rush_yards,5,5,0.532710280373832,0,2020-10-24 22:59:36
202007,2020-10-25,seattle-seahawks,REC,rec_yards,Greg Olsen,3647,15,32.5,-114,-114,32.5,-114,-114,0.140472177358774,-0.151582705871455,"",1,37.0653457641602,rec_yards,5,8,0.532710280373832,0,2020-10-24 22:59:36
202007,2020-10-25,seattle-seahawks,REC,receptions,Greg Olsen,3647,15,2.5,-167,127,2.5,-167,127,0.31325044631958,-0.0802228376600476,"",1,3.28312611579895,receptions,6,10,0.440528634361233,0,2020-10-25 14:06:07
202007,2020-10-25,tampa-bay-buccaneers,QB,pass_yards,Tom Brady,698,15,271.5,-114,-114,271.5,-114,-114,-0.0230950062226634,-0.132807216148041,"",1,265.229705810547,pass_yards,5,6,0.532710280373832,0,2020-10-25 14:06:07
202007,2020-10-25,tampa-bay-buccaneers,RB,rec_yards,Ronald Jones,34001,15,13.5,-114,-114,13.5,-114,-114,1.45686312075014,-0.0929055761118394,"",1,33.167652130127,rec_yards,5,10,0.532710280373832,0,2020-10-25 14:06:07
202007,2020-10-25,tampa-bay-buccaneers,RB,receptions,Ronald Jones,34001,15,2.5,120,-156,2.5,120,-156,0.495415019989014,-0.0920878682817725,"",1,3.73853754997253,receptions,4,10,0.609375,0,2020-10-25 14:06:07
202007,2020-10-25,tampa-bay-buccaneers,RB,rush_yards,Ronald Jones,34001,15,67.5,-114,-114,67.5,-114,-114,0.0863145616319445,-0.0837903853214154,"",1,73.3262329101563,rush_yards,5,8,0.532710280373832,0,2020-10-25 14:06:07
202007,2020-10-25,tampa-bay-buccaneers,REC,rec_yards,Chris Godwin,11839,15,65.5,-114,-114,65.5,-114,-114,0.0176768994513359,-0.151582705871455,"",1,66.6578369140625,rec_yards,5,6,0.532710280373832,0,2020-10-25 14:06:07
202007,2020-10-25,tampa-bay-buccaneers,REC,receptions,Chris Godwin,11839,15,5.5,110,-143,5.5,110,-143,-0.00543845783580433,-0.116064412253243,"",1,5.47008848190308,receptions,4,6,0.588477366255144,0,2020-10-25 14:06:07
202007,2020-10-25,tampa-bay-buccaneers,REC,rec_yards,Mike Evans,8642,15,51.5,-114,-114,51.5,-114,-114,0.266506750606796,-0.151582705871455,"",1,65.22509765625,rec_yards,5,9,0.532710280373832,0,2020-10-25 14:06:07
202007,2020-10-25,tampa-bay-buccaneers,REC,receptions,Mike Evans,8642,15,4.5,120,-156,4.5,120,-156,0.0196377436319987,-0.116064412253243,"",1,4.58836984634399,receptions,4,7,0.609375,0,2020-10-25 14:06:07
202007,2020-10-25,tampa-bay-buccaneers,REC,rec_yards,Rob Gronkowski,5567,15,34.5,-114,-114,34.5,-114,-114,0.302534020465353,-0.151582705871455,"",1,44.9374237060547,rec_yards,5,9,0.532710280373832,0,2020-10-25 14:06:07
202007,2020-10-25,tampa-bay-buccaneers,REC,receptions,Rob Gronkowski,5567,15,3.5,120,-156,3.5,120,-156,0.0522761344909668,-0.116064412253243,"",1,3.68296647071838,receptions,4,8,0.609375,0,2020-10-25 14:06:07
202007,2020-10-25,tennessee-titans,QB,pass_yards,Ryan Tannehill,7014,15,266.5,-114,-114,266.5,-114,-114,-0.0257143518043504,-0.132807216148041,"",1,259.647125244141,pass_yards,5,6,0.532710280373832,0,2020-10-24 00:34:26
202007,2020-10-25,tennessee-titans,QB,rush_yards,Ryan Tannehill,7014,15,14.5,-114,-114,14.5,-114,-114,0.155040214801657,-0.200614407320867,"",1,16.748083114624,rush_yards,5,5,0.532710280373832,0,2020-10-24 00:34:26
202007,2020-10-25,tennessee-titans,RB,rec_yards,Derrick Henry,10679,15,9.5,-114,-114,9.5,-114,-114,0.800497155440481,-0.0929055761118394,"",1,17.1047229766846,rec_yards,5,10,0.532710280373832,0,2020-10-24 00:34:26
202007,2020-10-25,tennessee-titans,RB,receptions,Derrick Henry,10679,15,1.5,-143,110,1.5,-143,110,0.493739128112793,-0.0720654540591776,"",1,2.24060869216919,receptions,6,10,0.476190476190476,0,2020-10-24 22:59:36
202007,2020-10-25,tennessee-titans,RB,rush_yards,Derrick Henry,10679,15,84.5,-114,-114,84.5,-114,-114,-0.0374591533954327,-0.0837903853214154,"",1,81.3347015380859,rush_yards,5,5,0.532710280373832,0,2020-10-24 22:59:36
202007,2020-10-25,tennessee-titans,RB,rush_yards,Derrick Henry,10679,15,86.5,-114,-114,86.5,-114,-114,-0.0597144330857117,-0.0837903853214154,"",1,81.3347015380859,rush_yards,5,4,0.532710280373832,0,2020-10-24 00:34:26
202007,2020-10-25,tennessee-titans,REC,rec_yards,AJ Brown,48327,15,59.5,-114,-114,59.5,-114,-114,0.241590227399554,-0.151582705871455,"",1,73.8746185302734,rec_yards,5,9,0.532710280373832,0,2020-10-24 22:59:36
202007,2020-10-25,tennessee-titans,REC,receptions,AJ Brown,48327,15,4.5,-114,-114,4.5,-114,-114,0.139928711785211,-0.118372320045124,"",1,5.12967920303345,receptions,5,9,0.532710280373832,0,2020-10-24 22:59:36
202007,2020-10-25,tennessee-titans,REC,rec_yards,Jonnu Smith,11855,15,40.5,-114,-114,40.5,-114,-114,0.186049190568335,-0.151582705871455,"",1,48.0349922180176,rec_yards,5,9,0.532710280373832,0,2020-10-24 22:59:36
202007,2020-10-25,tennessee-titans,REC,receptions,Jonnu Smith,11855,15,3.5,-108,-120,3.5,-108,-120,0.196473939078195,-0.118372320045124,"",1,4.18765878677368,receptions,5,9,0.545454545454545,0,2020-10-24 22:59:36
202007,2020-10-25,washington-football-team,QB,pass_yards,Kyle Allen,26152,15,258.5,-114,-114,258.5,-114,-114,-0.0354042274578397,-0.132807216148041,"",1,249.348007202148,pass_yards,5,6,0.532710280373832,0,2020-10-24 22:59:36
202007,2020-10-25,washington-football-team,QB,pass_yards,Kyle Allen,26152,15,260.5,-114,-114,260.5,-114,-114,-0.0428099531587392,-0.132807216148041,"",1,249.348007202148,pass_yards,5,5,0.532710280373832,0,2020-10-24 00:34:26
202007,2020-10-25,washington-football-team,QB,rush_yards,Kyle Allen,26152,15,8.5,-114,-114,8.5,-114,-114,0.709017921896542,-0.200614407320867,"",1,14.5266523361206,rush_yards,5,9,0.532710280373832,0,2020-10-24 00:34:26
202007,2020-10-25,washington-football-team,RB,rec_yards,Antonio Gibson,78050,15,23.5,-114,-114,23.5,-114,-114,-0.0667395084462267,-0.0929055761118394,"",1,21.9316215515137,rec_yards,5,4,0.532710280373832,0,2020-10-24 00:34:26
202007,2020-10-25,washington-football-team,RB,rec_yards,Antonio Gibson,78050,15,24.5,-130,100,24.5,-130,100,-0.104831773407605,-0.162149173075666,"",1,21.9316215515137,rec_yards,6,4,0.5,0,2020-10-24 22:59:36
202007,2020-10-25,washington-football-team,RB,receptions,Antonio Gibson,78050,15,3.5,100,-130,3.5,100,-130,-0.123014518192836,-0.105587141854423,U,1,3.06944918632507,receptions,5,3,0.565217391304348,1,2020-10-24 22:59:36
202007,2020-10-25,washington-football-team,RB,rush_yards,Antonio Gibson,78050,15,47.5,-114,-114,47.5,-114,-114,-0.0483347842567845,-0.0837903853214154,"",1,45.2040977478027,rush_yards,5,5,0.532710280373832,0,2020-10-24 00:34:26
202007,2020-10-25,washington-football-team,RB,rush_yards,Antonio Gibson,78050,15,50.5,-120,-108,50.5,-120,-108,-0.104869351528659,-0.0837903853214154,U,1,45.2040977478027,rush_yards,5,3,0.519230769230769,1,2020-10-24 22:59:36
202007,2020-10-25,washington-football-team,RB,rec_yards,JD McKissic,11047,15,27.5,-125,-103,27.5,-125,-103,0.443017855557528,-0.0929055761118394,"",1,39.682991027832,rec_yards,5,10,0.507389162561576,0,2020-10-24 22:59:36
202007,2020-10-25,washington-football-team,RB,rec_yards,JD McKissic,11047,15,27.5,-114,-114,27.5,-114,-114,0.443017855557528,-0.0929055761118394,"",1,39.682991027832,rec_yards,5,10,0.532710280373832,0,2020-10-24 00:34:26
202007,2020-10-25,washington-football-team,RB,receptions,JD McKissic,11047,15,3.5,-108,-120,3.5,-108,-120,0.284168924604143,-0.105587141854423,"",1,4.4945912361145,receptions,5,10,0.545454545454545,0,2020-10-24 22:59:36
202007,2020-10-25,washington-football-team,RB,rush_yards,JD McKissic,11047,15,18.5,-120,-108,18.5,-114,-114,0.178678357923353,-0.0837903853214154,"",1,21.805549621582,rush_yards,5,9,0.519230769230769,0,2020-10-25 08:15:00
202007,2020-10-25,washington-football-team,RB,rush_yards,JD McKissic,11047,15,18.5,-114,-114,18.5,-114,-114,0.178678357923353,-0.0837903853214154,"",1,21.805549621582,rush_yards,5,9,0.532710280373832,0,2020-10-24 22:59:36
202007,2020-10-25,washington-football-team,REC,rec_yards,Dontrelle Inman,6597,15,40.5,-114,-114,40.5,-114,-114,-0.143241882324219,-0.151582705871455,"",1,34.6987037658691,rec_yards,5,3,0.532710280373832,0,2020-10-24 22:59:36
202007,2020-10-25,washington-football-team,REC,receptions,Dontrelle Inman,6597,15,3,-114,-114,3,-114,-114,0.0344753265380859,-0.118372320045124,"",1,3.10342597961426,receptions,5,7,0.532710280373832,0,2020-10-24 22:59:36
202007,2020-10-25,washington-football-team,REC,rec_yards,Logan Thomas,8755,15,27.5,-114,-114,27.5,-114,-114,0.072683369029652,-0.151582705871455,"",1,29.4987926483154,rec_yards,5,7,0.532710280373832,0,2020-10-24 00:34:26
202007,2020-10-25,washington-football-team,REC,receptions,Logan Thomas,8755,15,3,-114,-114,3,-114,-114,-0.128690799077352,-0.118372320045124,U,1,2.61392760276794,receptions,5,3,0.532710280373832,1,2020-10-24 22:59:36
202007,2020-10-25,washington-football-team,REC,rec_yards,Terry McLaurin,48229,15,81.5,-130,100,81.5,-130,100,-0.131855689674799,-0.164794721190197,"",1,70.7537612915039,rec_yards,6,3,0.5,0,2020-10-24 00:34:26
202007,2020-10-25,washington-football-team,REC,rec_yards,Terry McLaurin,48229,15,81.5,-114,-114,81.5,-114,-114,-0.131855689674799,-0.151582705871455,"",1,70.7537612915039,rec_yards,5,3,0.532710280373832,0,2020-10-24 22:59:36
202007,2020-10-25,washington-football-team,REC,receptions,Terry McLaurin,48229,15,6.5,100,-130,6.5,100,-130,-0.158164464510404,-0.118372320045124,U,1,5.47193098068237,receptions,5,3,0.565217391304348,1,2020-10-24 22:59:36
202007,2020-10-26,chicago-bears,QB,pass_yards,Nick Foles,7089,15,243.5,-114,-114,243.5,-114,-114,-0.0192154839298319,-0.132807216148041,"",1,238.821029663086,pass_yards,5,7,0.532710280373832,0,2020-10-26 10:59:40
202007,2020-10-26,chicago-bears,QB,pass_yards,Nick Foles,7089,15,247.5,-114,-114,247.5,-114,-114,-0.0350665468158144,-0.132807216148041,"",1,238.821029663086,pass_yards,5,6,0.532710280373832,0,2020-10-24 22:59:36
202007,2020-10-26,chicago-bears,RB,rec_yards,David Montgomery,45719,15,24.5,-125,-103,24.5,-125,-103,0.0716978579151387,-0.0929055761118394,"",1,26.2565975189209,rec_yards,5,6,0.507389162561576,0,2020-10-24 22:59:36
202007,2020-10-26,chicago-bears,RB,rec_yards,David Montgomery,45719,15,24.5,-114,-114,24.5,-114,-114,0.0716978579151387,-0.0929055761118394,"",1,26.2565975189209,rec_yards,5,6,0.532710280373832,0,2020-10-26 10:59:40
202007,2020-10-26,chicago-bears,RB,receptions,David Montgomery,45719,15,3.5,-114,-114,3.5,-114,-114,-0.00322730200631278,-0.105587141854423,"",1,3.48870444297791,receptions,5,6,0.532710280373832,0,2020-10-26 10:59:40
202007,2020-10-26,chicago-bears,RB,receptions,David Montgomery,45719,15,3.5,-108,-120,3.5,-108,-120,-0.00322730200631278,-0.105587141854423,"",1,3.48870444297791,receptions,5,6,0.545454545454545,0,2020-10-24 22:59:36
202007,2020-10-26,chicago-bears,RB,rush_yards,David Montgomery,45719,15,58.5,-114,-114,58.5,-114,-114,-0.0362655117980435,-0.0837903853214154,"",1,56.3784675598145,rush_yards,5,5,0.532710280373832,0,2020-10-26 10:59:40
202007,2020-10-26,chicago-bears,REC,rec_yards,Allen Robinson,8696,15,72.5,-114,-114,72.5,-114,-114,0.087060652108028,-0.151582705871455,"",1,78.811897277832,rec_yards,5,7,0.532710280373832,0,2020-10-24 22:59:36
202007,2020-10-26,chicago-bears,REC,rec_yards,Allen Robinson,8696,15,72.5,100,-130,72.5,100,-130,0.087060652108028,-0.151582705871455,"",1,78.811897277832,rec_yards,5,7,0.565217391304348,0,2020-10-26 10:59:40
202007,2020-10-26,chicago-bears,REC,receptions,Allen Robinson,8696,15,5.5,-143,110,5.5,-143,110,0.0718250274658203,-0.0802228376600476,"",1,5.89503765106201,receptions,6,7,0.476190476190476,0,2020-10-24 22:59:36
202007,2020-10-26,chicago-bears,REC,rec_yards,Anthony Miller,48160,15,28.5,-114,-114,28.5,-114,-114,0.244808263945998,-0.151582705871455,"",1,35.4770355224609,rec_yards,5,9,0.532710280373832,0,2020-10-24 22:59:36
202007,2020-10-26,chicago-bears,REC,rec_yards,Anthony Miller,48160,15,28.5,-106,-122,28.5,-106,-122,0.244808263945998,-0.151582705871455,"",1,35.4770355224609,rec_yards,5,9,0.54954954954955,0,2020-10-26 10:59:40
202007,2020-10-26,chicago-bears,REC,receptions,Anthony Miller,48160,15,2.5,-114,-114,2.5,-114,-114,0.194946670532227,-0.118372320045124,"",1,2.98736667633057,receptions,5,9,0.532710280373832,0,2020-10-24 22:59:36
202007,2020-10-26,chicago-bears,REC,rec_yards,Darnell Mooney,48236,6,31.5,-114,-114,31.5,-114,-114,0.417352706666977,-0.151582705871455,"",1,44.6466102600098,rec_yards,5,10,0.532710280373832,0,2020-10-24 22:59:36
202007,2020-10-26,chicago-bears,REC,receptions,Darnell Mooney,48236,6,2.5,-143,110,2.5,-143,110,0.358439159393311,-0.0802228376600476,"",1,3.39609789848328,receptions,6,10,0.476190476190476,0,2020-10-24 22:59:36
202007,2020-10-26,chicago-bears,REC,rec_yards,Jimmy Graham,5619,15,28.5,-125,-103,28.5,-114,-114,0.433954339278372,-0.151582705871455,"",1,40.8676986694336,rec_yards,5,10,0.507389162561576,0,2020-10-25 08:15:00
202007,2020-10-26,chicago-bears,REC,rec_yards,Jimmy Graham,5619,15,28.5,-114,-114,28.5,-114,-114,0.433954339278372,-0.151582705871455,"",1,40.8676986694336,rec_yards,5,10,0.532710280373832,0,2020-10-24 22:59:36
202007,2020-10-26,chicago-bears,REC,rec_yards,Jimmy Graham,5619,15,31.5,-135,104,31.5,-135,104,0.297387259347098,-0.164794721190197,"",1,40.8676986694336,rec_yards,6,10,0.490196078431373,0,2020-10-26 10:59:40
202007,2020-10-26,chicago-bears,REC,receptions,Jimmy Graham,5619,15,2.5,-167,127,2.5,-167,127,0.397451877593994,-0.0802228376600476,"",1,3.49362969398499,receptions,6,10,0.440528634361233,0,2020-10-24 22:59:36
202007,2020-10-26,chicago-bears,REC,receptions,Jimmy Graham,5619,15,3,-130,100,3,-130,100,0.164543231328328,-0.0802228376600476,"",1,3.49362969398499,receptions,6,9,0.5,0,2020-10-26 10:59:40
202007,2020-10-26,los-angeles-rams,QB,pass_yards,Jared Goff,10635,15,244.5,-108,-120,244.5,-108,-120,0.0949991612346626,-0.132807216148041,"",1,267.727294921875,pass_yards,5,10,0.545454545454545,0,2020-10-26 10:59:40
202007,2020-10-26,los-angeles-rams,QB,pass_yards,Jared Goff,10635,15,244.5,100,-130,244.5,100,-130,0.0949991612346626,-0.132807216148041,"",1,267.727294921875,pass_yards,5,10,0.565217391304348,0,2020-10-24 22:59:36
202007,2020-10-26,los-angeles-rams,QB,pass_yards,Jared Goff,10635,15,244.5,104,-135,244.5,104,-135,0.0949991612346626,-0.132807216148041,"",1,267.727294921875,pass_yards,5,10,0.574468085106383,0,2020-10-25 14:06:07
202007,2020-10-26,los-angeles-rams,QB,pass_yards,Jared Goff,10635,15,244.5,110,-143,244.5,100,-130,0.0949991612346626,-0.0600755183590191,"",1,267.727294921875,pass_yards,4,10,0.588477366255144,0,2020-10-25 08:15:00
202007,2020-10-26,los-angeles-rams,RB,rush_yards,Darrell Henderson,41193,15,54.5,-114,-114,54.5,-114,-114,-0.0407183585910622,-0.0837903853214154,"",1,52.2808494567871,rush_yards,5,5,0.532710280373832,0,2020-10-26 10:59:40
